alpha,answer,domain,effective_alpha,idx,metrics,sign,topic,user_prompt,metrics_v2.bullet_count,metrics_v2.definition_count,metrics_v2.example_count,metrics_v2.fk_ease,metrics_v2.fk_grade,metrics_v2.jargon_rate,metrics_v2.math_symbol_rate,metrics_v2.n_sentences,metrics_v2.n_words
0.0,"Interpretable Neural Architecture Search (NAS) is an approach in machine learning that aims to find the optimal neural network architecture for a given task while providing insights into why certain architectures perform better than others. This is in contrast to traditional NAS methods, which often produce black-box models where the reasoning behind the chosen architecture is not easily understandable.

### Key Components of Interpretable NAS

1. **Search Space**: The set of possible architectures that the NAS algorithm can explore. This space can be defined based on various factors such as the number of layers, types of operations, and connectivity patterns.

2. **Evaluation Metric**: A criterion used to assess the performance of different architectures. Common metrics include accuracy, latency, and energy consumption.

3. **Search Algorithm**: The method used to navigate the search space and select the best architecture. This can range from random search to more sophisticated algorithms like reinforcement learning or evolutionary algorithms.

4. **Interpretability Mechanisms**: Techniques that help explain the decisions made during the search process. These mechanisms can include:

   - **Feature Importance Analysis**: Identifying which features",Machine Learning,,0,"{'n_words': 178, 'fk_grade': 13.378409090909091, 'fk_ease': 27.643863636363648, 'jargon_rate': 0.2254335260115607, 'definition_count': 3}",none,Interpretable Neural Architecture Search,Explain Interpretable Neural Architecture Search.,5.0,3.0,0.0,27.643863636363648,13.378409090909091,0.2254335260115607,0.0,14.0,178.0
0.5,"Interpretable Neural Architecture Search (NAS) is an approach in machine learning that aims to find the optimal neural network architecture for a given task while providing insights into why certain architectures perform better than others. This is in contrast to traditional NAS methods, which often produce black-box models where the reasoning behind the chosen architecture is not easily understandable.

### Key Components of Interpretable NAS

1. **Search Space**: The set of possible architectures that the NAS algorithm can explore. This space can be defined based on various factors such as the number of layers, types of operations, and connectivity patterns.

2. **Evaluation Metric**: A criterion used to assess the performance of different architectures. Common metrics include accuracy, latency, and energy consumption.

3. **Search Algorithm**: The method used to navigate the search space and select the best architecture. This can range from random search to more sophisticated algorithms like reinforcement learning or evolutionary algorithms.

4. **Interpretability Mechanisms**: Techniques that help explain the decisions made during the search process. These mechanisms can include:
   - **Feature Importance Analysis**: Identifying which features",Machine Learning,0.5,0,"{'n_words': 178, 'fk_grade': 13.378409090909091, 'fk_ease': 27.643863636363648, 'jargon_rate': 0.2254335260115607, 'definition_count': 3}",plus,Interpretable Neural Architecture Search,Explain Interpretable Neural Architecture Search.,5.0,3.0,0.0,27.643863636363648,13.378409090909091,0.2254335260115607,0.0,14.0,178.0
0.5,"Interpretable Neural Architecture Search (NAS) is an approach in machine learning that aims to find the best neural network architecture for a given task while providing insights into why certain architectures perform better than others. This is in contrast to traditional NAS methods, which often produce black-box models where the reasoning behind the chosen architecture is not easily understandable.

### Key Components of Interpretable NAS

1. **Search Space**: The set of possible architectures that the NAS algorithm can explore. This space can be defined based on various factors such as the number of layers, types of operations, and connectivity patterns.

2. **Evaluation Metric**: A criterion used to assess the performance of different architectures. Common metrics include accuracy, latency, and energy consumption.

3. **Search Algorithm**: The method used to navigate the search space and select the best architecture. This can range from random search to more sophisticated algorithms like reinforcement learning or evolutionary algorithms.

4. **Interpretability Techniques**: Methods that help explain the decisions made during the search process. These techniques can provide insights into why certain architectures are preferred over others.

### Techniques for",Machine Learning,-0.5,0,"{'n_words': 183, 'fk_grade': 12.797438473129084, 'fk_ease': 32.61871923656457, 'jargon_rate': 0.21910112359550563, 'definition_count': 3}",minus,Interpretable Neural Architecture Search,Explain Interpretable Neural Architecture Search.,4.0,3.0,0.0,32.61871923656457,12.797438473129084,0.21910112359550563,0.0,15.0,183.0
1.0,"Interpretable Neural Architecture Search (NAS) is an approach in machine learning that aims to find the optimal neural network architecture for a given task while providing insights into why certain architectures perform better than others. This is in contrast to traditional NAS methods, which often produce black-box models where the reasoning behind the chosen architecture is not easily understandable.

### Key Components of Interpretable NAS

1. **Search Space**: The set of possible architectures that the NAS algorithm can explore. This space can be defined based on various factors such as the number of layers, types of operations, and connectivity patterns.

2. **Evaluation Metric**: A criterion used to assess the performance of different architectures. Common metrics include accuracy, latency, and energy consumption.

3. **Search Algorithm**: The method used to navigate the search space and select the best architecture. This can range from random search to more sophisticated algorithms like reinforcement learning or evolutionary algorithms.

4. **Interpretability Mechanisms**: Techniques that help explain the decisions made during the search process. These mechanisms can include:
   - **Feature Importance Analysis**: Identifying which features",Machine Learning,1.0,0,"{'n_words': 178, 'fk_grade': 13.378409090909091, 'fk_ease': 27.643863636363648, 'jargon_rate': 0.2254335260115607, 'definition_count': 3}",plus,Interpretable Neural Architecture Search,Explain Interpretable Neural Architecture Search.,5.0,3.0,0.0,27.643863636363648,13.378409090909091,0.2254335260115607,0.0,14.0,178.0
1.0,"Interpretable Neural Architecture Search (NAS) is an approach in machine learning that aims to find the optimal neural network architecture for a given task while providing insights into why certain architectures perform better than others. This is in contrast to traditional NAS methods, which often produce black-box models where the reasoning behind the chosen architecture is not easily understandable.

### Key Components of Interpretable NAS

1. **Search Space**: The set of possible architectures that the NAS algorithm can explore. In interpretable NAS, this space is often designed with constraints or guidelines that make the resulting architectures more understandable and explainable.

2. **Evaluation Metric**: A metric used to evaluate the performance of different architectures. Common metrics include accuracy, latency, and energy consumption. In interpretable NAS, these metrics are used to guide the search process towards architectures that not only perform well but also have desirable properties.

3. **Search Algorithm**: The method used to navigate the search space and select the best architecture. In interpretable NAS, algorithms like reinforcement learning, evolutionary algorithms, or gradient-based methods are used, but with additional mechanisms to ensure",Machine Learning,-1.0,0,"{'n_words': 181, 'fk_grade': 13.915555555555557, 'fk_ease': 27.355000000000018, 'jargon_rate': 0.25139664804469275, 'definition_count': 4}",minus,Interpretable Neural Architecture Search,Explain Interpretable Neural Architecture Search.,3.0,4.0,0.0,27.355000000000018,13.915555555555557,0.25139664804469275,0.0,12.0,181.0
2.0,"Interpretable Neural Architecture Search (NAS) is an approach in machine learning that aims to find the optimal neural network architecture for a given task while providing insights into why certain architectures perform better than others. This is in contrast to traditional NAS methods, which often produce black-box models where the reasoning behind the chosen architecture is not easily understandable.

### Key Components of Interpretable NAS

1. **Search Space**: The set of possible architectures that the NAS algorithm can explore. This space can be defined based on various factors such as the number of layers, types of operations, and connectivity patterns.

2. **Evaluation Metric**: A criterion used to assess the performance of different architectures. Common metrics include accuracy, latency, and energy consumption.

3. **Search Algorithm**: The method used to navigate the search space and select the best architecture. This can range from random search to more sophisticated algorithms like reinforcement learning or evolutionary algorithms.

4. **Interpretability Mechanisms**: Techniques that help explain the decisions made during the search process. These mechanisms can include:

   - **Feature Importance Analysis**: Identifying which features",Machine Learning,2.0,0,"{'n_words': 178, 'fk_grade': 13.378409090909091, 'fk_ease': 27.643863636363648, 'jargon_rate': 0.2254335260115607, 'definition_count': 3}",plus,Interpretable Neural Architecture Search,Explain Interpretable Neural Architecture Search.,5.0,3.0,0.0,27.643863636363648,13.378409090909091,0.2254335260115607,0.0,14.0,178.0
2.0,"Interpretable Neural Architecture Search (NAS) is an approach in machine learning that aims to find the best neural network architecture for a given task while providing insights into why certain architectures perform better than others. This is in contrast to traditional NAS methods, which often produce black-box models where the reasoning behind the chosen architecture is not easily understandable.

### Key Components of Interpretable NAS

1. **Search Space**: The set of possible architectures that the NAS algorithm can explore. This space can be defined based on various factors such as the number of layers, types of operations, and connectivity patterns.

2. **Evaluation Metric**: A criterion used to assess the performance of different architectures. Common metrics include accuracy, latency, and energy consumption.

3. **Search Algorithm**: The method used to navigate the search space and select the best architecture. This can range from random search to more sophisticated algorithms like reinforcement learning or evolutionary algorithms.

4. **Interpretability Techniques**: Methods that help explain the decisions made during the search process. These techniques can provide insights into why certain architectures are preferred over others.

### Techniques for",Machine Learning,-2.0,0,"{'n_words': 183, 'fk_grade': 12.797438473129084, 'fk_ease': 32.61871923656457, 'jargon_rate': 0.21910112359550563, 'definition_count': 3}",minus,Interpretable Neural Architecture Search,Explain Interpretable Neural Architecture Search.,4.0,3.0,0.0,32.61871923656457,12.797438473129084,0.21910112359550563,0.0,15.0,183.0
0.0,"Explainable AI (XAI) in the context of medical diagnosis refers to the ability of artificial intelligence systems to provide clear, understandable, and interpretable explanations for their diagnostic decisions or predictions. This is particularly important in healthcare because medical decisions can have significant impacts on patient outcomes, and doctors and patients need to trust the AI systems used in diagnosis.

### Key Aspects of Explainable AI in Medical Diagnosis

1. **Transparency**:
   - **Decision Transparency**: XAI helps in understanding how an AI model arrives at its conclusions. For example, if an AI system suggests a particular diagnosis, it should be able to explain which features or data points were most influential in making that decision.
   - **Process Transparency**: The steps involved in the AI's reasoning process should be transparent and traceable, allowing users to follow the logic from input to output.

2. **Interpretability**:
   - **User-Friendly Explanations**: The explanations provided by XAI should be understandable to non-experts, such as doctors who may not have a deep background in machine learning. This",Healthcare Technology,,1,"{'n_words': 168, 'fk_grade': 15.995923344947737, 'fk_ease': 22.10865853658538, 'jargon_rate': 0.2606060606060606, 'definition_count': 2}",none,Explainable AI in Medical Diagnosis,Explain Explainable AI in Medical Diagnosis.,5.0,2.0,1.0,22.10865853658538,15.995923344947737,0.2606060606060606,0.0,9.0,168.0
0.5,"Explainable AI (XAI) in the context of medical diagnosis refers to the ability of artificial intelligence systems to provide clear, understandable, and interpretable explanations for their diagnostic decisions. This is crucial in healthcare because medical professionals and patients need to understand why an AI system has made a particular diagnosis or recommendation. Here’s a detailed explanation:

### Importance in Healthcare

1. **Trust and Acceptance**: In healthcare, trust is paramount. Patients and healthcare providers need to trust the AI systems they use. XAI helps build this trust by providing transparent reasoning behind the AI's decisions.

2. **Clinical Decision Support**: AI can assist clinicians in making more informed decisions. However, for these tools to be effective, they must be able to explain their recommendations in a way that aligns with clinical knowledge and practice.

3. **Regulatory Compliance**: Many healthcare regulations require transparency in decision-making processes. XAI helps meet these requirements by ensuring that the AI's logic is understandable and verifiable.

4. **Error Detection and Correction**: Understanding how an AI arrived at a particular conclusion can help identify errors",Healthcare Technology,0.5,1,"{'n_words': 176, 'fk_grade': 13.405402597402599, 'fk_ease': 27.28841558441559, 'jargon_rate': 0.32, 'definition_count': 4}",plus,Explainable AI in Medical Diagnosis,Explain Explainable AI in Medical Diagnosis.,4.0,4.0,0.0,27.28841558441559,13.405402597402599,0.32,0.0,14.0,176.0
0.5,"Explainable AI (XAI) in the context of medical diagnosis refers to the ability of artificial intelligence systems to provide clear, understandable, and interpretable explanations for their diagnostic decisions or predictions. This is particularly important in healthcare because medical decisions can have significant impacts on patient outcomes, and doctors and patients need to trust the AI systems used in diagnosis.

### Key Aspects of Explainable AI in Medical Diagnosis

1. **Transparency**:
   - **Decision Transparency**: XAI helps in understanding how an AI model arrives at its diagnosis. This involves explaining which features or data points were most influential in making a particular decision.
   - **Process Transparency**: It also includes transparency about the underlying algorithms and processes used by the AI system.

2. **Interpretability**:
   - **User-Friendly Explanations**: The explanations provided by XAI should be easy for medical professionals to understand. This might involve visualizations, natural language descriptions, or other intuitive formats.
   - **Contextual Understanding**: Providing context around why certain factors influenced the diagnosis can help in building trust and confidence in",Healthcare Technology,-0.5,1,"{'n_words': 168, 'fk_grade': 16.014437627811862, 'fk_ease': 12.504982958418566, 'jargon_rate': 0.32098765432098764, 'definition_count': 2}",minus,Explainable AI in Medical Diagnosis,Explain Explainable AI in Medical Diagnosis.,6.0,2.0,0.0,12.504982958418566,16.014437627811862,0.32098765432098764,0.0,10.0,168.0
1.0,"Explainable AI (XAI) in the context of medical diagnosis refers to the ability of artificial intelligence systems to provide clear, understandable, and interpretable explanations for their diagnostic decisions. This is crucial in healthcare because it allows doctors and patients to understand why an AI system has made a particular diagnosis or recommendation, which can enhance trust and facilitate informed decision-making.

### Key Aspects of Explainable AI in Medical Diagnosis

1. **Transparency**:
   - **Decision Pathways**: XAI helps in visualizing the decision-making process of the AI model. For instance, it can show which features or data points were most influential in reaching a particular diagnosis.
   - **Rule-Based Explanations**: Some models can be broken down into simple rules that can be easily understood by humans.

2. **Interpretability**:
   - **Feature Importance**: Identifying which features (e.g., specific symptoms, lab results, imaging findings) are most important in making a diagnosis.
   - **Local Explanations**: Providing explanations for individual predictions rather than just overall model performance.

3.",Healthcare Technology,1.0,1,"{'n_words': 159, 'fk_grade': 15.066450216450217, 'fk_ease': 17.520468975469015, 'jargon_rate': 0.2645161290322581, 'definition_count': 2}",plus,Explainable AI in Medical Diagnosis,Explain Explainable AI in Medical Diagnosis.,6.0,2.0,1.0,17.520468975469015,15.066450216450217,0.2645161290322581,0.0,12.0,159.0
1.0,"Explainable AI (XAI) in the context of medical diagnosis refers to the ability of artificial intelligence systems to provide clear, understandable, and interpretable explanations for their diagnostic decisions or predictions. This is particularly important in healthcare because medical decisions can have significant impacts on patient outcomes, and doctors and patients need to trust the AI systems used in diagnosis.

### Key Aspects of Explainable AI in Medical Diagnosis

1. **Transparency**:
   - **Decision Transparency**: XAI helps in understanding how an AI model arrives at its conclusions. For example, if an AI system suggests a particular diagnosis, it should be able to explain which features or data points were most influential in making that decision.
   - **Process Transparency**: The steps involved in the AI's reasoning process should be transparent and traceable, allowing users to follow the logic from input to output.

2. **Interpretability**:
   - **User-Friendly Explanations**: The explanations provided by XAI should be understandable to non-experts, such as doctors who may not have a deep background in machine learning. This",Healthcare Technology,-1.0,1,"{'n_words': 168, 'fk_grade': 15.995923344947737, 'fk_ease': 22.10865853658538, 'jargon_rate': 0.2606060606060606, 'definition_count': 2}",minus,Explainable AI in Medical Diagnosis,Explain Explainable AI in Medical Diagnosis.,5.0,2.0,1.0,22.10865853658538,15.995923344947737,0.2606060606060606,0.0,9.0,168.0
2.0,"Explainable AI (XAI) in the context of medical diagnosis refers to the ability of artificial intelligence systems to provide clear, understandable, and interpretable explanations for their diagnostic decisions. This is crucial in healthcare because it allows doctors and patients to understand why an AI system has made a particular diagnosis or recommendation, which can enhance trust and facilitate informed decision-making.

### Key Aspects of Explainable AI in Medical Diagnosis

1. **Transparency**:
   - **Decision Pathways**: XAI helps in visualizing the decision-making process of the AI model. For instance, it can show which features or data points were most influential in reaching a particular diagnosis.
   - **Rule-Based Explanations**: Some models can be broken down into simple rules that can be easily understood by humans.

2. **Interpretability**:
   - **Feature Importance**: Identifying which features (e.g., specific symptoms, lab results, imaging findings) are most important in making a diagnosis.
   - **Local Explanations**: Providing explanations for individual predictions rather than just overall model performance.

3.",Healthcare Technology,2.0,1,"{'n_words': 159, 'fk_grade': 15.066450216450217, 'fk_ease': 17.520468975469015, 'jargon_rate': 0.2645161290322581, 'definition_count': 2}",plus,Explainable AI in Medical Diagnosis,Explain Explainable AI in Medical Diagnosis.,6.0,2.0,1.0,17.520468975469015,15.066450216450217,0.2645161290322581,0.0,12.0,159.0
2.0,"Explainable AI (XAI) in the context of medical diagnosis refers to the ability of artificial intelligence systems to provide clear, understandable, and interpretable explanations for their diagnostic decisions or predictions. This is particularly important in healthcare because medical decisions can have significant impacts on patient outcomes, and doctors and patients need to trust the AI systems used in diagnosis.

### Key Aspects of Explainable AI in Medical Diagnosis

1. **Transparency**:
   - **Decision Pathways**: XAI helps in understanding the decision-making process of an AI model. For instance, if an AI system suggests a particular diagnosis, it should be able to explain which features or data points were most influential in reaching that conclusion.
   - **Model Interpretability**: The model's architecture and training process should be transparent enough to allow experts to understand how the model makes its predictions.

2. **Trust and Acceptance**:
   - **Clinical Validation**: XAI can help in validating the AI models with clinical data and expert knowledge, ensuring that the AI's recommendations align with established medical practices.
   - **Patient Trust**:",Healthcare Technology,-2.0,1,"{'n_words': 170, 'fk_grade': 16.487705627705626, 'fk_ease': 18.837272727272733, 'jargon_rate': 0.27710843373493976, 'definition_count': 2}",minus,Explainable AI in Medical Diagnosis,Explain Explainable AI in Medical Diagnosis.,6.0,2.0,1.0,18.837272727272733,16.487705627705626,0.27710843373493976,0.0,9.0,170.0
0.0,"Causal inference in recommendation systems is a method that aims to understand the causal effects of different actions or treatments on user behavior. Unlike traditional recommendation systems that rely on correlation-based methods to predict what users might like based on their past behaviors, causal inference seeks to establish a cause-and-effect relationship between the recommendation action and the resulting user behavior.

### Key Concepts in Causal Inference

1. **Treatment (or Intervention)**: This refers to the action taken by the recommendation system, such as showing a specific item to a user.
2. **Outcome**: The result of the treatment, which could be an action taken by the user, such as clicking on the recommended item, adding it to the cart, or making a purchase.
3. **Causal Effect**: The change in the outcome caused by the treatment. For example, how much more likely a user is to make a purchase after seeing a particular recommendation compared to not seeing it.

### Challenges in Applying Causal Inference

- **Selection Bias**: Users who receive recommendations may differ systematically from those who do not, leading to biased estimates of",Data Science,,2,"{'n_words': 182, 'fk_grade': 14.297143854748604, 'fk_ease': 32.41152583798885, 'jargon_rate': 0.16201117318435754, 'definition_count': 3}",none,Causal Inference in Recommendation Systems,Explain Causal Inference in Recommendation Systems.,4.0,3.0,1.0,32.41152583798885,14.297143854748604,0.16201117318435754,0.0,10.0,182.0
0.5,"Causal inference in recommendation systems is a method that aims to understand the causal effects of different actions or treatments on user behavior. Unlike traditional recommendation systems that rely on correlation-based methods to predict what users might like based on their past behaviors, causal inference seeks to establish a cause-and-effect relationship between the recommendation action and the resulting user behavior.

### Key Concepts in Causal Inference

1. **Treatment (or Intervention)**: This refers to the action taken by the recommendation system, such as showing a specific item to a user.
2. **Outcome**: The result of the treatment, which could be an action taken by the user, such as clicking on the recommended item, adding it to the cart, or making a purchase.
3. **Causal Effect**: The change in the outcome caused by the treatment. For example, how much more likely a user is to make a purchase after seeing a particular recommendation compared to not seeing it.

### Challenges in Applying Causal Inference

- **Selection Bias**: Users who receive recommendations may differ systematically from those who do not, leading to biased estimates of",Data Science,0.5,2,"{'n_words': 182, 'fk_grade': 14.297143854748604, 'fk_ease': 32.41152583798885, 'jargon_rate': 0.16201117318435754, 'definition_count': 3}",plus,Causal Inference in Recommendation Systems,Explain Causal Inference in Recommendation Systems.,4.0,3.0,1.0,32.41152583798885,14.297143854748604,0.16201117318435754,0.0,10.0,182.0
0.5,"Causal inference in recommendation systems is a method that aims to understand the causal effects of different actions or treatments on user behavior. Unlike traditional recommendation systems that rely on correlation-based methods (e.g., collaborative filtering, content-based filtering), causal inference seeks to establish cause-and-effect relationships between the recommendations made and the resulting user actions.

### Key Concepts in Causal Inference

1. **Treatment**: This refers to the action or intervention, such as showing a specific product recommendation to a user.
2. **Outcome**: The result of the treatment, such as whether the user clicks on the recommended item or makes a purchase.
3. **Causality**: The relationship where one event (the treatment) causes another event (the outcome).

### Challenges in Recommendation Systems

- **Selection Bias**: Users who receive certain types of recommendations might differ systematically from those who do not, leading to biased outcomes.
- **Confounding Variables**: Factors other than the recommendation itself can influence user behavior, making it difficult to attribute changes directly to the recommendation.

### Methods for Causal Inference

1. **Randomized",Data Science,-0.5,2,"{'n_words': 170, 'fk_grade': 14.659545454545455, 'fk_ease': 19.349318181818205, 'jargon_rate': 0.23493975903614459, 'definition_count': 2}",minus,Causal Inference in Recommendation Systems,Explain Causal Inference in Recommendation Systems.,6.0,2.0,0.0,19.349318181818205,14.659545454545455,0.23493975903614459,0.0,14.0,170.0
1.0,"Causal inference in recommendation systems is a method that aims to understand the causal effects of different actions or treatments on user behavior. Unlike traditional recommendation systems that rely on correlation-based methods (e.g., collaborative filtering, content-based filtering), causal inference seeks to establish cause-and-effect relationships between the recommendations made and the resulting user actions.

### Key Concepts in Causal Inference

1. **Treatment**: This refers to the action or recommendation given to a user. For example, showing a specific product to a user.
2. **Outcome**: This is the result of the treatment, such as whether the user clicks on the recommended item, makes a purchase, or engages with the content.
3. **Causality**: The relationship where one event (the treatment) causes another event (the outcome).

### Challenges in Recommendation Systems

- **Selection Bias**: Users who receive certain recommendations might differ systematically from those who do not, leading to biased outcomes.
- **Temporal Dynamics**: Recommendations can change over time, and users' preferences can evolve, making it difficult to isolate the effect of a single recommendation.
-",Data Science,1.0,2,"{'n_words': 172, 'fk_grade': 14.169706586826347, 'fk_ease': 23.217434131736525, 'jargon_rate': 0.1952662721893491, 'definition_count': 3}",plus,Causal Inference in Recommendation Systems,Explain Causal Inference in Recommendation Systems.,5.0,3.0,1.0,23.217434131736525,14.169706586826347,0.1952662721893491,0.0,14.0,172.0
1.0,"Causal inference in recommendation systems is a method that aims to understand the causal effects of different actions or treatments on user behavior. Unlike traditional machine learning approaches that focus on predicting outcomes based on historical data, causal inference seeks to establish cause-and-effect relationships. This is particularly valuable in recommendation systems where understanding the impact of specific recommendations on user engagement, satisfaction, and other key metrics can lead to more effective and personalized recommendations.

### Key Concepts in Causal Inference

1. **Treatment and Outcome**: In the context of recommendation systems, the ""treatment"" could be a specific recommendation (e.g., showing a particular product), while the ""outcome"" is the result of this treatment (e.g., whether the user clicks on the product).

2. **Causal Effect**: The causal effect measures how much the outcome would change if the treatment were applied versus not applied. For example, it might quantify how much more likely a user is to make a purchase after seeing a certain product recommendation.

3. **Confounding Variables**: These are factors that influence both the treatment and the outcome, potentially leading to",Data Science,-1.0,2,"{'n_words': 179, 'fk_grade': 13.427280898876408, 'fk_ease': 30.49946067415732, 'jargon_rate': 0.19553072625698323, 'definition_count': 4}",minus,Causal Inference in Recommendation Systems,Explain Causal Inference in Recommendation Systems.,3.0,4.0,1.0,30.49946067415732,13.427280898876408,0.19553072625698323,0.0,14.0,179.0
2.0,"Causal inference in recommendation systems is a method that aims to understand the causal effects of different actions or interventions on user behavior. Unlike traditional recommendation systems that focus on predicting what users will like based on historical data, causal inference seeks to determine how changes in the recommendation system itself (e.g., changing the order of items, altering the content, or introducing new features) might affect user engagement, satisfaction, or other outcomes.

### Key Concepts in Causal Inference

1. **Treatment and Control Groups**: In a causal inference framework, the treatment group receives the intervention (e.g., a specific recommendation), while the control group does not. This setup helps in isolating the effect of the intervention from other confounding factors.

2. **Potential Outcomes Framework**: This framework considers two potential outcomes for each user: one if they receive the treatment and another if they do not. The causal effect is then defined as the difference between these two potential outcomes.

3. **Causal Effect**: The causal effect measures the impact of an intervention on an outcome. For example, it could be the increase in",Data Science,2.0,2,"{'n_words': 180, 'fk_grade': 11.851335703402743, 'fk_ease': 39.07795835449468, 'jargon_rate': 0.19101123595505617, 'definition_count': 3}",plus,Causal Inference in Recommendation Systems,Explain Causal Inference in Recommendation Systems.,3.0,3.0,1.0,39.07795835449468,11.851335703402743,0.19101123595505617,0.0,15.0,180.0
2.0,"Causal inference in recommendation systems is a method that aims to understand the causal effects of different actions or treatments on user behavior. Unlike traditional machine learning approaches that focus on predicting outcomes based on historical data, causal inference seeks to establish cause-and-effect relationships. This is particularly important in recommendation systems because it allows for more targeted and effective personalization.

### Key Concepts in Causal Inference

1. **Treatment and Outcome**: In the context of recommendation systems, the ""treatment"" could be a specific recommendation (e.g., showing a particular product to a user), and the ""outcome"" would be the user's response (e.g., whether they click on the product, purchase it, etc.).

2. **Causal Effect**: The causal effect of a treatment is the difference in outcome that would result from applying the treatment compared to not applying it. For example, the causal effect of showing a product to a user might be an increase in the probability of a purchase.

3. **Confounding Variables**: These are variables that affect both the treatment and the outcome, potentially leading to misleading correlations.",Data Science,-2.0,2,"{'n_words': 176, 'fk_grade': 13.284142857142857, 'fk_ease': 30.99135714285717, 'jargon_rate': 0.192090395480226, 'definition_count': 3}",minus,Causal Inference in Recommendation Systems,Explain Causal Inference in Recommendation Systems.,3.0,3.0,1.0,30.99135714285717,13.284142857142857,0.192090395480226,0.0,15.0,176.0
0.0,"Feature importance in surrogate models refers to the process of quantifying how much each input feature contributes to the predictive power of the model. Surrogate models are typically used as approximations or simplifications of more complex models, often employed in computationally expensive simulations or optimization problems. They aim to capture the essential behavior of the original model with fewer computational resources.

### Key Concepts

1. **Surrogate Model**: A simpler model that approximates the behavior of a more complex model. Common types include polynomial regression, Gaussian processes, and decision trees.

2. **Feature Importance**: Measures the contribution of each input feature to the model's predictions. This can help in understanding which features are most influential in the model's output.

### Methods for Calculating Feature Importance

1. **Permutation Feature Importance**:
   - **Process**: For each feature, randomly permute its values across the dataset and measure the decrease in model performance.
   - **Interpretation**: The greater the decrease in performance, the more important the feature is considered to be.

2. **SHAP (SHapley Additive",Statistics,,3,"{'n_words': 167, 'fk_grade': 12.873144171779142, 'fk_ease': 26.962027096114554, 'jargon_rate': 0.2236024844720497, 'definition_count': 2}",none,Feature Importance in Surrogate Models,Explain Feature Importance in Surrogate Models.,6.0,2.0,0.0,26.962027096114554,12.873144171779142,0.2236024844720497,0.0,14.0,167.0
0.5,"Feature importance in surrogate models refers to the process of quantifying how much each input feature contributes to the predictive power of the model. Surrogate models are typically used as approximations or simplifications of more complex models, often employed in computationally expensive simulations or optimization problems. They aim to capture the essential behavior of the original model with fewer computational resources.

### Key Concepts

1. **Surrogate Model**: A simpler model that approximates the behavior of a more complex model. It is often used when the original model is computationally expensive to evaluate.

2. **Feature Importance**: Measures the contribution of each input feature to the model's predictions. This can help in understanding which features are most influential in determining the output.

### Methods for Estimating Feature Importance

Several methods can be used to estimate feature importance in surrogate models:

1. **Permutation Feature Importance**:
   - **Process**: For each feature, randomly permute its values and measure the decrease in model performance.
   - **Interpretation**: The larger the decrease in performance, the more important the feature is considered to be.

",Statistics,0.5,3,"{'n_words': 175, 'fk_grade': 13.727698032961193, 'fk_ease': 24.330047846889954, 'jargon_rate': 0.21893491124260356, 'definition_count': 4}",plus,Feature Importance in Surrogate Models,Explain Feature Importance in Surrogate Models.,5.0,4.0,0.0,24.330047846889954,13.727698032961193,0.21893491124260356,0.0,12.0,175.0
0.5,"Feature importance in surrogate models refers to the process of quantifying how much each input feature contributes to the predictive power of the model. Surrogate models are typically used as approximations or simplifications of more complex models, often employed in computationally expensive simulations or optimization problems. They aim to capture the essential behavior of the original model with fewer computational resources.

### Key Concepts

1. **Surrogate Model**: A simpler model that approximates the behavior of a more complex model. It is often used when the original model is computationally expensive to evaluate.

2. **Feature Importance**: Measures the contribution of each input feature to the model's predictions. This can help in understanding which features are most influential in determining the output.

### Methods for Estimating Feature Importance

1. **Permutation Feature Importance**:
   - **Process**: For each feature, randomly shuffle its values across the dataset and measure the decrease in model performance.
   - **Interpretation**: The greater the decrease in performance, the more important the feature is considered to be.

2. **Partial Dependence Plots (PDP",Statistics,-0.5,3,"{'n_words': 171, 'fk_grade': 12.942889221556886, 'fk_ease': 27.055691117764496, 'jargon_rate': 0.22560975609756098, 'definition_count': 4}",minus,Feature Importance in Surrogate Models,Explain Feature Importance in Surrogate Models.,6.0,4.0,0.0,27.055691117764496,12.942889221556886,0.22560975609756098,0.0,14.0,171.0
1.0,"Feature importance in surrogate models refers to the process of quantifying how much each input feature contributes to the predictive power of the model. Surrogate models are typically used as approximations or simplifications of more complex models, often employed in computationally expensive simulations or optimization problems. They aim to capture the essential behavior of the original model with fewer computational resources.

### Key Concepts

1. **Surrogate Model**: A simpler model that approximates the behavior of a more complex model. It is often used when the original model is computationally expensive to evaluate.

2. **Feature Importance**: Measures the contribution of each input feature to the model's predictions. This can help in understanding which features are most influential in determining the output.

### Methods for Estimating Feature Importance

Several methods can be used to estimate feature importance in surrogate models:

1. **Permutation Feature Importance**:
   - **Process**: For each feature, the values are randomly permuted (shuffled) and the model is re-evaluated. The decrease in performance (e.g., increase in prediction error) is then attributed to the",Statistics,1.0,3,"{'n_words': 172, 'fk_grade': 13.293032544378697, 'fk_ease': 24.842191814595708, 'jargon_rate': 0.21301775147928995, 'definition_count': 5}",plus,Feature Importance in Surrogate Models,Explain Feature Importance in Surrogate Models.,4.0,5.0,0.0,24.842191814595708,13.293032544378697,0.21301775147928995,0.0,14.0,172.0
1.0,"Feature importance in surrogate models refers to the process of quantifying how much each input feature contributes to the predictive power of the model. Surrogate models are typically used as approximations or simplifications of more complex models, often employed in computationally expensive simulations or optimization problems. They aim to capture the essential behavior of the original model with fewer computational resources.

### Key Concepts

1. **Surrogate Model**: A simpler model that approximates the behavior of a more complex model. Common types include polynomial regression, decision trees, and neural networks.

2. **Feature Importance**: Measures the contribution of each input feature to the model's predictions. This can help in understanding which features are most influential in the model's output.

### Methods for Calculating Feature Importance

1. **Permutation Feature Importance**:
   - **Process**: For each feature, randomly shuffle its values while keeping all other features unchanged. Then, measure how much the model performance drops.
   - **Interpretation**: Features that cause a significant drop in model performance when shuffled are considered important.

2. **Partial Dependence Plots",Statistics,-1.0,3,"{'n_words': 170, 'fk_grade': 12.563493975903615, 'fk_ease': 27.73206209453201, 'jargon_rate': 0.22560975609756098, 'definition_count': 1}",minus,Feature Importance in Surrogate Models,Explain Feature Importance in Surrogate Models.,6.0,1.0,0.0,27.73206209453201,12.563493975903615,0.22560975609756098,0.0,15.0,170.0
2.0,"Feature importance in surrogate models refers to the process of quantifying how much each input feature contributes to the predictive power of the model. Surrogate models are typically used as approximations or simplifications of more complex models, often employed in computationally expensive simulations or optimization problems. They aim to capture the essential behavior of the original model with fewer computational resources.

### Key Concepts

1. **Surrogate Model**: A simpler model that approximates the behavior of a more complex model. It is often used when the original model is computationally expensive to evaluate.

2. **Feature Importance**: Measures the contribution of each input feature to the model's predictions. This can help in understanding which features are most influential in determining the output.

### Methods for Estimating Feature Importance

Several methods can be used to estimate feature importance in surrogate models:

1. **Permutation Feature Importance**:
   - **Process**: For each feature, the values are randomly permuted (shuffled) and the model is re-evaluated. The decrease in performance (e.g., increase in prediction error) is then attributed to the",Statistics,2.0,3,"{'n_words': 172, 'fk_grade': 13.293032544378697, 'fk_ease': 24.842191814595708, 'jargon_rate': 0.21301775147928995, 'definition_count': 5}",plus,Feature Importance in Surrogate Models,Explain Feature Importance in Surrogate Models.,4.0,5.0,0.0,24.842191814595708,13.293032544378697,0.21301775147928995,0.0,14.0,172.0
2.0,"Feature importance in surrogate models refers to the process of quantifying how much each input feature contributes to the predictive power of the model. Surrogate models are typically used as approximations or simplifications of more complex models, often employed in computationally expensive simulations or optimization problems. They aim to capture the essential behavior of the original model with fewer computational resources.

### Key Concepts

1. **Surrogate Model**: A simpler model that approximates the behavior of a more complex model. Common types include polynomial regression, decision trees, and neural networks.

2. **Input Features**: The variables or attributes used as inputs to the surrogate model.

3. **Output Prediction**: The result produced by the surrogate model based on the input features.

4. **Feature Importance**: A measure indicating the relative importance of each input feature in determining the output prediction.

### Methods for Calculating Feature Importance

Several methods can be used to determine feature importance in surrogate models:

1. **Permutation Importance**:
   - This method involves randomly shuffling the values of a single feature while keeping all other features unchanged.
   - The",Statistics,-2.0,3,"{'n_words': 177, 'fk_grade': 13.734387808723067, 'fk_ease': 24.60592222806099, 'jargon_rate': 0.23214285714285715, 'definition_count': 1}",minus,Feature Importance in Surrogate Models,Explain Feature Importance in Surrogate Models.,7.0,1.0,0.0,24.60592222806099,13.734387808723067,0.23214285714285715,0.0,15.0,177.0
0.0,"Adversarial robustness in interpretable models refers to the ability of a model to maintain its performance and provide reliable explanations even when it is subjected to adversarial attacks. An adversarial attack involves making small, carefully crafted perturbations to the input data with the goal of causing the model to make incorrect predictions. These perturbations can be subtle and not easily noticeable to humans but can significantly affect the model's output.

### Key Concepts

1. **Interpretable Models**: These are models that can provide understandable and explainable insights into their decision-making process. Examples include decision trees, linear models, and some types of neural networks with specific architectures (e.g., LIME, SHAP).

2. **Adversarial Attacks**: Small, targeted modifications to the input data designed to cause the model to misclassify or produce incorrect outputs. These attacks exploit weaknesses in the model's decision boundaries.

3. **Adversarial Robustness**: The property of a model to resist such attacks and maintain its accuracy and reliability. A robust model should not only perform well on clean data but also",Cybersecurity,,4,"{'n_words': 169, 'fk_grade': 14.14057142857143, 'fk_ease': 23.6044285714286, 'jargon_rate': 0.17751479289940827, 'definition_count': 2}",none,Adversarial Robustness in Interpretable Models,Explain Adversarial Robustness in Interpretable Models.,3.0,2.0,0.0,23.6044285714286,14.14057142857143,0.17751479289940827,0.0,14.0,169.0
0.5,"Adversarial robustness in interpretable models refers to the ability of a model to maintain its performance and provide reliable explanations even when it is subjected to adversarial attacks. An adversarial attack involves making small, carefully crafted perturbations to the input data with the goal of causing the model to make incorrect predictions. These perturbations can be subtle and not easily noticeable to humans but can significantly affect the model's output.

### Key Concepts

1. **Interpretable Models**: These are models that can provide understandable and explainable insights into their decision-making process. Examples include decision trees, linear models, and some types of neural networks with specific architectures (e.g., LIME, SHAP).

2. **Adversarial Attacks**: Small, targeted modifications to the input data designed to cause the model to misclassify or produce incorrect outputs. These attacks exploit weaknesses in the model's decision boundaries.

3. **Adversarial Robustness**: The property of a model to resist such attacks and maintain its accuracy and interpretability under perturbations.

### Challenges in Adversarial Robust",Cybersecurity,0.5,4,"{'n_words': 163, 'fk_grade': 14.655459627329193, 'fk_ease': 18.666170807453454, 'jargon_rate': 0.2037037037037037, 'definition_count': 2}",plus,Adversarial Robustness in Interpretable Models,Explain Adversarial Robustness in Interpretable Models.,3.0,2.0,0.0,18.666170807453454,14.655459627329193,0.2037037037037037,0.0,14.0,163.0
0.5,"Adversarial robustness in interpretable models refers to the ability of a machine learning model to maintain its performance and provide accurate, reliable predictions even when it is subjected to adversarial attacks. An adversarial attack involves making small, carefully crafted perturbations to the input data with the goal of causing the model to make incorrect predictions.

### Key Concepts

1. **Interpretable Models**: These are models that can provide explanations for their predictions, making them easier to understand and trust. Examples include decision trees, linear models, and some types of neural networks (like those using attention mechanisms).

2. **Adversarial Attacks**: These are malicious inputs designed to cause a model to misclassify or produce incorrect outputs. Common techniques include adding noise to images, slightly altering text, or manipulating other types of input data.

3. **Adversarial Robustness**: This is the property of a model to resist such attacks and continue to perform well under these conditions. A robust model should not be easily fooled by adversarial examples.

### Challenges in Adversarial Robustness for Interpretable",Cybersecurity,-0.5,4,"{'n_words': 170, 'fk_grade': 13.859619047619049, 'fk_ease': 25.618714285714304, 'jargon_rate': 0.19393939393939394, 'definition_count': 3}",minus,Adversarial Robustness in Interpretable Models,Explain Adversarial Robustness in Interpretable Models.,3.0,3.0,0.0,25.618714285714304,13.859619047619049,0.19393939393939394,0.0,12.0,170.0
1.0,"Adversarial robustness in interpretable models refers to the ability of these models to maintain their performance and provide reliable explanations even when they are subjected to adversarial attacks. An adversarial attack is an input that has been intentionally modified to cause the model to make a mistake. In the context of machine learning, this often involves making small, carefully crafted perturbations to the input data to trick the model into misclassifying or misinterpreting the data.

### Key Concepts

1. **Interpretable Models**: These are models whose internal decision-making processes can be understood and explained by humans. Examples include decision trees, linear models, and some types of neural networks with specific architectures (e.g., LIME, SHAP).

2. **Adversarial Attacks**: These are malicious inputs designed to exploit weaknesses in the model's decision boundaries. They can be used to deceive the model into making incorrect predictions.

3. **Adversarial Robustness**: This is the property of a model to resist such attacks and continue to perform well and provide meaningful explanations under perturbed conditions.

### Challenges",Cybersecurity,1.0,4,"{'n_words': 169, 'fk_grade': 14.32810379241517, 'fk_ease': 25.386739853626125, 'jargon_rate': 0.19760479041916168, 'definition_count': 3}",plus,Adversarial Robustness in Interpretable Models,Explain Adversarial Robustness in Interpretable Models.,3.0,3.0,0.0,25.386739853626125,14.32810379241517,0.19760479041916168,0.0,14.0,169.0
1.0,"Adversarial robustness in interpretable models refers to the ability of a machine learning model to maintain its performance and provide accurate, reliable predictions even when faced with adversarial attacks. An adversarial attack is an intentional manipulation of input data designed to cause the model to make incorrect predictions. This can be particularly problematic in safety-critical applications such as healthcare, finance, and autonomous driving.

### Key Concepts

1. **Interpretable Models**: These are models that can provide explanations for their predictions. For example, a decision tree or a linear model might be considered interpretable because they have clear rules or coefficients that can be understood and explained. In contrast, deep neural networks (DNNs) are often considered black-box models due to their complex internal structures.

2. **Adversarial Attacks**: These are inputs to a model that are intentionally crafted to cause the model to misclassify or produce incorrect outputs. Common techniques include adding small perturbations to the input data that are imperceptible to humans but can significantly affect the model's output.

3. **Adversarial Robustness",Cybersecurity,-1.0,4,"{'n_words': 170, 'fk_grade': 14.774753451676531, 'fk_ease': 22.580289283366227, 'jargon_rate': 0.21301775147928995, 'definition_count': 2}",minus,Adversarial Robustness in Interpretable Models,Explain Adversarial Robustness in Interpretable Models.,3.0,2.0,1.0,22.580289283366227,14.774753451676531,0.21301775147928995,0.0,12.0,170.0
2.0,"Adversarial robustness in interpretable models refers to the ability of these models to maintain their performance and provide reliable explanations even when they are subjected to adversarial attacks. An adversarial attack is an input that has been intentionally modified to cause the model to make a mistake. In the context of machine learning, this often involves adding small, carefully crafted perturbations to the input data to trick the model into making incorrect predictions.

### Key Concepts

1. **Interpretable Models**: These are models whose internal decision-making processes can be understood and explained by humans. Examples include decision trees, linear models, and some types of neural networks with specific architectures (e.g., LIME, SHAP).

2. **Adversarial Attacks**: These are malicious inputs designed to exploit weaknesses in the model's decision boundaries. They can be used to deceive the model into making incorrect predictions.

3. **Adversarial Robustness**: This is the property of a model to resist such attacks and maintain its accuracy and interpretability under perturbations.

### Challenges in Adversarial Robustness for",Cybersecurity,2.0,4,"{'n_words': 167, 'fk_grade': 13.729848484848485, 'fk_ease': 26.014772727272742, 'jargon_rate': 0.2, 'definition_count': 3}",plus,Adversarial Robustness in Interpretable Models,Explain Adversarial Robustness in Interpretable Models.,3.0,3.0,0.0,26.014772727272742,13.729848484848485,0.2,0.0,14.0,167.0
2.0,"Adversarial robustness in interpretable models refers to the ability of a machine learning model to maintain its performance and provide accurate, reliable predictions even when it is subjected to adversarial attacks. An adversarial attack involves making small, carefully crafted perturbations to the input data with the goal of causing the model to make incorrect predictions.

### Key Concepts

1. **Interpretable Models**: These are models that can provide explanations for their predictions, making them easier to understand and trust. Examples include decision trees, linear models, and some types of neural networks (like those using attention mechanisms).

2. **Adversarial Attacks**: These are malicious inputs designed to cause a model to misclassify or produce incorrect outputs. Common techniques include adding noise to images, slightly altering text, or manipulating other types of input data.

3. **Adversarial Robustness**: This is the property of a model to resist such attacks and continue to perform well under these conditions. A robust model should not be easily fooled by adversarial examples.

### Challenges in Adversarial Robustness for Interpretable",Cybersecurity,-2.0,4,"{'n_words': 170, 'fk_grade': 13.859619047619049, 'fk_ease': 25.618714285714304, 'jargon_rate': 0.19393939393939394, 'definition_count': 3}",minus,Adversarial Robustness in Interpretable Models,Explain Adversarial Robustness in Interpretable Models.,3.0,3.0,0.0,25.618714285714304,13.859619047619049,0.19393939393939394,0.0,12.0,170.0
0.0,"Interactive visualization techniques play a crucial role in enhancing the interpretability of machine learning models. They allow users to explore and understand complex data and model behaviors through dynamic visual representations that can be manipulated in real-time. Here’s an overview of some key interactive visualization techniques used for model interpretability:

### 1. **Scatter Plots with Hover Interactions**
   - **Description**: Scatter plots are often used to visualize the relationship between two features or variables. By adding hover interactions, users can see detailed information about individual data points when they move their cursor over them.
   - **Use Case**: In a classification model, hovering over a point can reveal its class label, probability scores, or other relevant metadata.

### 2. **Heatmaps**
   - **Description**: Heatmaps use color gradients to represent the intensity or value of data points. They are particularly useful for visualizing large datasets or feature importance matrices.
   - **Use Case**: In a decision tree or random forest model, a heatmap can show which features are most important at each node or split.

### 3. **T",Data Visualization,,5,"{'n_words': 173, 'fk_grade': 13.781646586345385, 'fk_ease': 29.10665997322627, 'jargon_rate': 0.18787878787878787, 'definition_count': 0}",none,Interactive Visualization Techniques for Model Interpretability,Explain Interactive Visualization Techniques for Model Interpretability.,4.0,0.0,0.0,29.10665997322627,13.781646586345385,0.18787878787878787,0.0,12.0,173.0
0.5,"Interactive visualization techniques play a crucial role in enhancing the interpretability of machine learning models. They allow users to explore and understand complex data and model behaviors through dynamic visual representations. Here’s an overview of some key interactive visualization techniques used for model interpretability:

### 1. **Heatmaps**
- **Description**: Heatmaps use color gradients to represent the magnitude of values in a matrix or table. In the context of model interpretability, heatmaps can be used to visualize feature importance, activation maps, or attention weights.
- **Application**: For instance, in a neural network, a heatmap can show which parts of an image (or other input) are most influential for a particular prediction.

### 2. **Scatter Plots with Interaction**
- **Description**: Scatter plots display the relationship between two variables using points on a Cartesian plane. Interactive scatter plots allow users to select points, zoom in/out, and filter data based on specific criteria.
- **Application**: These can be used to explore how different features contribute to the model's output, such as identifying outliers or clusters in the data.

",Data Visualization,0.5,5,"{'n_words': 174, 'fk_grade': 13.885238095238098, 'fk_ease': 28.759761904761945, 'jargon_rate': 0.20710059171597633, 'definition_count': 0}",plus,Interactive Visualization Techniques for Model Interpretability,Explain Interactive Visualization Techniques for Model Interpretability.,4.0,0.0,1.0,28.759761904761945,13.885238095238098,0.20710059171597633,0.0,10.0,174.0
0.5,"Interactive visualization techniques play a crucial role in enhancing the interpretability of machine learning models. They allow users to explore and understand complex data and model behaviors through dynamic visual representations. Here’s an overview of some key interactive visualization techniques used for model interpretability:

### 1. **Heatmaps**
- **Purpose**: Heatmaps are used to visualize the importance or contribution of features in a model.
- **How It Works**: Each cell in the heatmap represents a feature's importance score, with colors indicating the magnitude (e.g., red for high importance, blue for low importance).
- **Example**: In a decision tree or random forest, you can use heatmaps to show which features are most influential at each node.

### 2. **Scatter Plots**
- **Purpose**: Scatter plots help visualize the relationship between two variables.
- **How It Works**: Points on the plot represent individual data points, and their positions indicate the values of the two variables being plotted.
- **Example**: In a regression model, scatter plots can be used to show how changes in one variable affect the target variable",Data Visualization,-0.5,5,"{'n_words': 175, 'fk_grade': 11.908628742514967, 'fk_ease': 39.428212574850306, 'jargon_rate': 0.17857142857142858, 'definition_count': 0}",minus,Interactive Visualization Techniques for Model Interpretability,Explain Interactive Visualization Techniques for Model Interpretability.,6.0,0.0,0.0,39.428212574850306,11.908628742514967,0.17857142857142858,0.0,12.0,175.0
1.0,"Interactive visualization techniques play a crucial role in enhancing model interpretability by allowing users to explore and understand complex models through dynamic visual representations. These techniques enable users to interact with the data and model outputs, gaining insights that might not be apparent from static visualizations or raw data alone. Here’s an overview of some key interactive visualization techniques used for model interpretability:

### 1. **Scatter Plots with Hover Interactions**
   - **Description**: Scatter plots are commonly used to visualize relationships between two variables. By adding hover interactions, users can see detailed information about individual data points when they move their cursor over them.
   - **Use Case**: In machine learning, this can help identify outliers or specific instances that significantly influence the model's predictions.

### 2. **Heatmaps**
   - **Description**: Heatmaps use color gradients to represent values in a matrix or table format. They are particularly useful for visualizing large datasets and identifying patterns or clusters.
   - **Use Case**: In feature importance analysis, heatmaps can show which features contribute most to the model's predictions, helping to",Data Visualization,1.0,5,"{'n_words': 174, 'fk_grade': 14.868571428571432, 'fk_ease': 21.709761904761933, 'jargon_rate': 0.20118343195266272, 'definition_count': 0}",plus,Interactive Visualization Techniques for Model Interpretability,Explain Interactive Visualization Techniques for Model Interpretability.,4.0,0.0,0.0,21.709761904761933,14.868571428571432,0.20118343195266272,0.0,10.0,174.0
1.0,"Interactive visualization techniques play a crucial role in enhancing the interpretability of machine learning models. They allow users to explore and understand complex data and model behaviors through dynamic visual representations that can be manipulated in real-time. Here’s an overview of some key interactive visualization techniques used for model interpretability:

### 1. **Scatter Plots with Hover Interactions**
   - **Description**: Scatter plots are commonly used to visualize relationships between two variables. By adding hover interactions, users can see detailed information about individual data points when they move their cursor over them.
   - **Use Case**: In a classification model, scatter plots can show how different classes are distributed in feature space. Hovering over a point can reveal the actual data instance and its predicted class.

### 2. **Heatmaps**
   - **Description**: Heatmaps use color gradients to represent values in a matrix or table format. They are particularly useful for visualizing correlations between features or for displaying the importance of features in a model.
   - **Use Case**: In a regression model, a heatmap can show which features have the most significant",Data Visualization,-1.0,5,"{'n_words': 177, 'fk_grade': 13.505900584795324, 'fk_ease': 28.689026315789476, 'jargon_rate': 0.2046783625730994, 'definition_count': 0}",minus,Interactive Visualization Techniques for Model Interpretability,Explain Interactive Visualization Techniques for Model Interpretability.,4.0,0.0,0.0,28.689026315789476,13.505900584795324,0.2046783625730994,0.0,11.0,177.0
2.0,"Interactive visualization techniques play a crucial role in enhancing model interpretability by allowing users to explore and understand complex models through dynamic visual representations. These techniques enable users to interact with the data and model outputs, gaining insights that might not be apparent from static visualizations or raw data alone. Here’s an overview of some key interactive visualization techniques used for model interpretability:

### 1. **Scatter Plots with Hover Interactions**
   - **Description**: Scatter plots are often used to visualize relationships between two variables. By adding hover interactions, users can see detailed information about individual data points when they move their cursor over them.
   - **Use Case**: In machine learning, this can help identify outliers or patterns in the data that might influence the model's predictions.

### 2. **Heatmaps**
   - **Description**: Heatmaps use color gradients to represent values in a matrix or table format. They are particularly useful for visualizing large datasets and identifying clusters or trends.
   - **Use Case**: In feature importance analysis, heatmaps can show which features contribute most to the model's predictions,",Data Visualization,2.0,5,"{'n_words': 174, 'fk_grade': 14.236428571428576, 'fk_ease': 26.241904761904777, 'jargon_rate': 0.1893491124260355, 'definition_count': 0}",plus,Interactive Visualization Techniques for Model Interpretability,Explain Interactive Visualization Techniques for Model Interpretability.,4.0,0.0,0.0,26.241904761904777,14.236428571428576,0.1893491124260355,0.0,10.0,174.0
2.0,"Interactive visualization techniques play a crucial role in enhancing the interpretability of machine learning models. They allow users to explore and understand complex data and model behaviors through dynamic visual representations. Here’s an overview of some key interactive visualization techniques used for model interpretability:

### 1. **Heatmaps**
- **Purpose**: Heatmaps are used to visualize the importance or contribution of features in a model.
- **How It Works**: Each cell in the heatmap represents a feature's importance score, with colors indicating the magnitude (e.g., red for high importance, blue for low importance).
- **Example**: In a decision tree or random forest, you can use heatmaps to show which features are most influential at each node.

### 2. **Scatter Plots**
- **Purpose**: Scatter plots help visualize relationships between two variables.
- **How It Works**: Points on the plot represent individual data points, and their positions indicate the values of the two variables being plotted.
- **Example**: In a regression model, scatter plots can be used to show how changes in one variable affect the target variable.

",Data Visualization,-2.0,5,"{'n_words': 174, 'fk_grade': 11.924963855421687, 'fk_ease': 39.13298795180725, 'jargon_rate': 0.17964071856287425, 'definition_count': 0}",minus,Interactive Visualization Techniques for Model Interpretability,Explain Interactive Visualization Techniques for Model Interpretability.,6.0,0.0,0.0,39.13298795180725,11.924963855421687,0.17964071856287425,0.0,12.0,174.0
0.0,"Model-agnostic explanation methods refer to techniques that can be applied to any machine learning model without requiring specific knowledge about the model's architecture or training process. These methods aim to provide insights into how a model makes its predictions or decisions, which is particularly important for understanding and trusting complex models like deep neural networks.

### Key Characteristics of Model-Agnostic Explanation Methods

1. **Flexibility**: They can work with various types of models, including but not limited to decision trees, random forests, support vector machines (SVMs), and neural networks.
2. **No Model Knowledge Required**: These methods do not need to know the internal workings of the model to generate explanations. This is in contrast to model-specific methods, which require detailed information about the model’s architecture and parameters.
3. **Interpretability**: They help in making the model's decision-making process more transparent and understandable to humans.

### Common Model-Agnostic Explanation Techniques

1. **LIME (Local Interpretable Model-agnostic Explanations)**:
   - LIME works by approximating the behavior of",AI Ethics,,6,"{'n_words': 161, 'fk_grade': 14.78198312236287, 'fk_ease': 20.351554149085814, 'jargon_rate': 0.17791411042944785, 'definition_count': 2}",none,Model-Agnostic Explanation Methods,Explain Model-Agnostic Explanation Methods.,5.0,2.0,0.0,20.351554149085814,14.78198312236287,0.17791411042944785,0.0,11.0,161.0
0.5,"Model-agnostic explanation methods refer to techniques that can be applied to any machine learning model without requiring specific knowledge about the model's architecture or training process. These methods aim to provide insights into how a model makes its predictions or decisions, which is particularly useful for understanding and interpreting complex models like deep neural networks.

### Key Characteristics of Model-Agnostic Explanation Methods

1. **Flexibility**: They can work with various types of models, including but not limited to decision trees, random forests, support vector machines (SVMs), and neural networks.
2. **No Model Specificity**: These methods do not require the model to be retrained or modified in any way. They operate on the model's output and sometimes on the input data.
3. **Interpretability**: They help in explaining individual predictions or the overall behavior of the model in a way that is understandable to humans.

### Common Model-Agnostic Explanation Techniques

1. **Local Interpretable Model-agnostic Explanations (LIME)**:
   - **Concept**: LIME approximates the local behavior of",AI Ethics,0.5,6,"{'n_words': 161, 'fk_grade': 14.184514767932491, 'fk_ease': 24.635098452883284, 'jargon_rate': 0.18125, 'definition_count': 2}",plus,Model-Agnostic Explanation Methods,Explain Model-Agnostic Explanation Methods.,5.0,2.0,0.0,24.635098452883284,14.184514767932491,0.18125,0.0,11.0,161.0
0.5,"Model-agnostic explanation methods refer to techniques that can be applied to any machine learning model without requiring specific knowledge about the model's architecture or training process. These methods aim to provide insights into how a model makes its predictions or decisions, which is particularly important for understanding and interpreting complex models like deep neural networks.

### Key Characteristics of Model-Agnostic Explanation Methods

1. **Flexibility**: They can work with various types of models, including but not limited to decision trees, linear models, and neural networks.
2. **No Model Specificity**: These methods do not require the model to be retrained or modified in any way to generate explanations.
3. **Interpretability**: They help in understanding the factors that influence the model's output, making the model more transparent and trustworthy.

### Common Model-Agnostic Explanation Techniques

1. **LIME (Local Interpretable Model-agnostic Explanations)**:
   - LIME works by approximating the behavior of a black-box model around a particular prediction using a simpler, interpretable model (like a linear regression).
  ",AI Ethics,-0.5,6,"{'n_words': 161, 'fk_grade': 15.7871835443038, 'fk_ease': 17.053306962025346, 'jargon_rate': 0.2111801242236025, 'definition_count': 1}",minus,Model-Agnostic Explanation Methods,Explain Model-Agnostic Explanation Methods.,5.0,1.0,0.0,17.053306962025346,15.7871835443038,0.2111801242236025,0.0,10.0,161.0
1.0,"Model-agnostic explanation methods refer to techniques that can be applied to any machine learning model without requiring specific knowledge about the model's architecture or training process. These methods aim to provide insights into how a model makes its predictions or decisions, which is particularly useful for understanding and interpreting complex models like deep neural networks.

### Key Characteristics of Model-Agnostic Explanation Methods:

1. **Flexibility**: They can be used with various types of models (e.g., decision trees, linear models, neural networks) without modification.
2. **No Model Knowledge Required**: These methods do not need detailed information about the internal workings of the model.
3. **Interpretability**: They help in explaining individual predictions or the overall behavior of the model.
4. **Scalability**: They can handle large datasets and complex models efficiently.

### Common Model-Agnostic Explanation Techniques:

1. **Local Interpretable Model-agnostic Explanations (LIME)**:
   - **Concept**: LIME approximates the local behavior of a model around a particular prediction using simpler, interpretable models (like",AI Ethics,1.0,6,"{'n_words': 157, 'fk_grade': 14.47574025974026, 'fk_ease': 18.707896103896132, 'jargon_rate': 0.2064516129032258, 'definition_count': 1}",plus,Model-Agnostic Explanation Methods,Explain Model-Agnostic Explanation Methods.,6.0,1.0,0.0,18.707896103896132,14.47574025974026,0.2064516129032258,0.0,14.0,157.0
1.0,"Model-agnostic explanation methods refer to techniques that can be applied to any machine learning model without requiring specific knowledge about the model's architecture or internal workings. These methods aim to provide insights into how a model makes its predictions or decisions, which is particularly important for understanding and trusting complex models like deep neural networks.

### Key Characteristics of Model-Agnostic Explanation Methods

1. **Flexibility**: They can be used with various types of models, including but not limited to decision trees, random forests, support vector machines (SVMs), and neural networks.
2. **No Model Modification**: These methods do not require modifying the original model during the explanation process. This is in contrast to some model-specific methods that might involve altering the model to make it more interpretable.
3. **Interpretability**: They provide explanations that are understandable to humans, often in the form of feature importance scores, local approximations, or visualizations.

### Common Model-Agnostic Explanation Techniques

1. **LIME (Local Interpretable Model-agnostic Explanations)**:
   - LIME",AI Ethics,-1.0,6,"{'n_words': 160, 'fk_grade': 14.888492569002128, 'fk_ease': 19.39003538570418, 'jargon_rate': 0.18867924528301888, 'definition_count': 2}",minus,Model-Agnostic Explanation Methods,Explain Model-Agnostic Explanation Methods.,5.0,2.0,0.0,19.39003538570418,14.888492569002128,0.18867924528301888,0.0,11.0,160.0
2.0,"Model-agnostic explanation methods refer to techniques that can be applied to any machine learning model without requiring specific knowledge about the model's architecture or training process. These methods aim to provide insights into how a model makes its predictions, which is particularly useful for understanding and interpreting complex models like deep neural networks.

### Key Characteristics of Model-Agnostic Explanation Methods:

1. **Flexibility**: They can be used with various types of models, including but not limited to decision trees, random forests, support vector machines (SVMs), and neural networks.
2. **No Model Specificity**: These methods do not require the model to be retrained or modified in any way. They operate on the model's output and sometimes on the input data.
3. **Interpretability**: They help in explaining individual predictions or the overall behavior of the model in a way that is understandable to humans.

### Common Model-Agnostic Explanation Techniques:

1. **Local Interpretable Model-agnostic Explanations (LIME)**:
   - **Concept**: LIME approximates the local behavior of a",AI Ethics,2.0,6,"{'n_words': 161, 'fk_grade': 14.035147679324897, 'fk_ease': 25.70598452883263, 'jargon_rate': 0.175, 'definition_count': 2}",plus,Model-Agnostic Explanation Methods,Explain Model-Agnostic Explanation Methods.,5.0,2.0,0.0,25.70598452883263,14.035147679324897,0.175,0.0,11.0,161.0
2.0,"Model-agnostic explanation methods refer to techniques that can be applied to any machine learning model without requiring specific knowledge about the model's architecture or internal workings. These methods aim to provide insights into how a model makes its predictions or decisions, which is particularly important for understanding and trusting complex models like deep neural networks.

### Key Characteristics of Model-Agnostic Explanation Methods

1. **Flexibility**: They can be used with various types of models, including but not limited to decision trees, linear models, neural networks, and ensemble methods.
2. **No Model Modification**: These methods do not require modifying the original model during the explanation process. This is in contrast to model-specific methods that might involve training an additional model or altering the original model.
3. **Interpretability**: They provide explanations that are understandable to humans, helping stakeholders understand why certain predictions were made.
4. **Scalability**: They can handle large datasets and complex models efficiently.

### Common Model-Agnostic Explanation Techniques

1. **Local Interpretable Model-agnostic Explanations (LIME)**:
  ",AI Ethics,-2.0,6,"{'n_words': 163, 'fk_grade': 14.948627329192547, 'fk_ease': 16.564307453416177, 'jargon_rate': 0.19135802469135801, 'definition_count': 2}",minus,Model-Agnostic Explanation Methods,Explain Model-Agnostic Explanation Methods.,5.0,2.0,0.0,16.564307453416177,14.948627329192547,0.19135802469135801,0.0,13.0,163.0
0.0,"Robustness metrics for Explainable Artificial Intelligence (XAI) are crucial for evaluating the reliability and stability of explainable models. These metrics help ensure that the explanations provided by an XAI system are not only interpretable but also robust to various types of perturbations or changes in the input data. Here are some key robustness metrics used in the context of XAI:

1. **Stability**: This metric assesses how much the explanation changes when small perturbations are introduced to the input data. A robust model should provide similar explanations for similar inputs. For instance, if a model explains why it classified an image as a cat, the explanation should remain consistent even if the image is slightly altered (e.g., a small change in lighting or a minor shift in the position of the cat).

2. **Consistency**: Consistency measures how well the explanation aligns with the model's predictions across different instances. If a model consistently provides explanations that match its decisions, it is considered more robust. For example, if a model predicts that a patient has a certain disease based on symptoms",Machine Learning,,7,"{'n_words': 178, 'fk_grade': 12.565483146067418, 'fk_ease': 36.67811235955057, 'jargon_rate': 0.1853932584269663, 'definition_count': 2}",none,Robustness Metrics for Explainable AI,Explain Robustness Metrics for Explainable AI.,2.0,2.0,2.0,36.67811235955057,12.565483146067418,0.1853932584269663,0.0,12.0,178.0
0.5,"Robustness metrics for Explainable Artificial Intelligence (XAI) are crucial for evaluating the reliability and stability of explainable models. These metrics help ensure that the explanations provided by an XAI system are not only interpretable but also robust to various types of perturbations or changes in the input data. Here are some key robustness metrics used in the context of XAI:

1. **Stability**: This metric assesses how much the explanation changes when small perturbations are introduced to the input data. A robust model should provide similar explanations for similar inputs. For instance, if a model explains why it classified an image as a cat, the explanation should remain consistent even if the image is slightly altered (e.g., a small change in lighting or a minor shift in the position of the cat).

2. **Consistency**: Consistency measures how well the explanation aligns with the model's predictions across different instances. If a model consistently provides explanations that match its decisions, it is considered more robust. For example, if a model predicts that a patient has a certain disease based on symptoms",Machine Learning,0.5,7,"{'n_words': 178, 'fk_grade': 12.565483146067418, 'fk_ease': 36.67811235955057, 'jargon_rate': 0.1853932584269663, 'definition_count': 2}",plus,Robustness Metrics for Explainable AI,Explain Robustness Metrics for Explainable AI.,2.0,2.0,2.0,36.67811235955057,12.565483146067418,0.1853932584269663,0.0,12.0,178.0
0.5,"Robustness metrics for Explainable Artificial Intelligence (XAI) are crucial for evaluating the reliability and stability of explainable models. These metrics help ensure that the explanations provided by an XAI system are not only interpretable but also robust to various types of perturbations or changes in the input data. Here are some key robustness metrics used in the context of XAI:

1. **Stability**: This metric assesses how much the explanation changes when small perturbations are introduced to the input data. A robust model should provide consistent explanations even if the input is slightly altered. For example, if a model explains why it classified an image as a cat, the explanation should remain similar if the image is slightly blurred or resized.

2. **Sensitivity to Perturbations**: This measures how sensitive the model's output is to small changes in the input. In the context of explainability, it evaluates whether the explanation changes significantly with minor modifications to the input. High sensitivity can indicate that the explanation is not stable and may not be reliable.

3. **Consistency Across Explanations",Machine Learning,-0.5,7,"{'n_words': 175, 'fk_grade': 13.553857142857144, 'fk_ease': 29.057642857142895, 'jargon_rate': 0.2023121387283237, 'definition_count': 4}",minus,Robustness Metrics for Explainable AI,Explain Robustness Metrics for Explainable AI.,3.0,4.0,1.0,29.057642857142895,13.553857142857144,0.2023121387283237,0.0,12.0,175.0
1.0,"Robustness metrics for Explainable Artificial Intelligence (XAI) are crucial for evaluating the reliability and stability of explainable models. These metrics help ensure that the explanations provided by an XAI system are not only interpretable but also robust to various types of perturbations or changes in the input data. Here are some key robustness metrics used in the context of XAI:

1. **Stability**: This metric assesses how much the explanation changes when small perturbations are introduced to the input data. A robust model should provide similar explanations for similar inputs. For instance, if a model explains why it classified an image as a cat, the explanation should remain consistent even if the image is slightly altered (e.g., a small change in lighting or a minor shift in the position of the cat).

2. **Consistency**: Consistency measures how well the model's explanations align with its predictions. A robust model should provide explanations that consistently support its decisions. For example, if a model predicts that a patient has a certain disease based on their symptoms, the explanation should highlight those symptoms as",Machine Learning,1.0,7,"{'n_words': 179, 'fk_grade': 12.485972067039103, 'fk_ease': 37.42627653631288, 'jargon_rate': 0.1787709497206704, 'definition_count': 1}",plus,Robustness Metrics for Explainable AI,Explain Robustness Metrics for Explainable AI.,2.0,1.0,2.0,37.42627653631288,12.485972067039103,0.1787709497206704,0.0,12.0,179.0
1.0,"Robustness metrics for Explainable Artificial Intelligence (XAI) are crucial for evaluating the reliability and stability of explainable models. These metrics help ensure that the explanations provided by an XAI system are not only interpretable but also robust to various types of perturbations or changes in the input data. Here are some key robustness metrics used in the context of XAI:

1. **Stability**: This metric assesses how much the explanation changes when small perturbations are introduced to the input data. A robust model should provide similar explanations for similar inputs. For example, if a model explains why it classified an image as a cat, the explanation should be consistent even if the image is slightly altered (e.g., a small change in lighting).

2. **Consistency**: Consistency measures how well the model's explanations align with its predictions. A robust model should provide explanations that consistently support its decisions. For instance, if a model predicts that a patient has a certain disease based on their symptoms, the explanation should highlight those symptoms as the primary factors.

3. **Sensitivity Analysis",Machine Learning,-1.0,7,"{'n_words': 175, 'fk_grade': 12.947000000000003, 'fk_ease': 33.40850000000003, 'jargon_rate': 0.1896551724137931, 'definition_count': 1}",minus,Robustness Metrics for Explainable AI,Explain Robustness Metrics for Explainable AI.,3.0,1.0,2.0,33.40850000000003,12.947000000000003,0.1896551724137931,0.0,14.0,175.0
2.0,"Robustness metrics for Explainable Artificial Intelligence (XAI) are crucial for evaluating the reliability and stability of explainable models. These metrics help ensure that the explanations provided by an XAI system are not only interpretable but also robust to various types of perturbations or changes in the input data. Here are some key robustness metrics used in the context of XAI:

1. **Stability**: This metric assesses how much the explanation changes when small perturbations are introduced to the input data. A robust model should provide similar explanations for inputs that are close to each other. For instance, if a model explains why a certain image is classified as a cat, it should provide a similar explanation for images that are slightly different from the original one.

2. **Consistency**: Consistency measures how well the model's explanations align with its predictions. A robust model should consistently provide explanations that support its decisions. For example, if a model predicts that a patient has a certain disease based on their symptoms, the explanation should highlight these symptoms as the primary factors contributing to the prediction.

3",Machine Learning,2.0,7,"{'n_words': 181, 'fk_grade': 13.767145488029467, 'fk_ease': 32.179128299570294, 'jargon_rate': 0.18994413407821228, 'definition_count': 1}",plus,Robustness Metrics for Explainable AI,Explain Robustness Metrics for Explainable AI.,2.0,1.0,2.0,32.179128299570294,13.767145488029467,0.18994413407821228,0.0,11.0,181.0
2.0,"Robustness metrics for Explainable Artificial Intelligence (XAI) are crucial for evaluating the reliability and stability of explanations provided by AI models. These metrics help ensure that the explanations are not only interpretable but also robust to various perturbations or changes in the input data. Here are some key robustness metrics used in XAI:

1. **Stability**: This metric assesses how much the explanation changes when small perturbations are introduced to the input data. A robust explanation should remain consistent even if the input is slightly altered. For example, if an image classification model explains why it classified an image as a cat, the explanation should still hold if the image is slightly blurred or has minor noise added.

2. **Sensitivity to Perturbations**: This measures how sensitive the explanation is to specific types of perturbations. For instance, if a model's explanation changes significantly when the color of an object in an image is changed, this could indicate that the explanation is not robust.

3. **Consistency Across Models**: This metric evaluates whether different models or different versions of the same",Machine Learning,-2.0,7,"{'n_words': 177, 'fk_grade': 14.013333333333339, 'fk_ease': 29.622485875706218, 'jargon_rate': 0.2057142857142857, 'definition_count': 5}",minus,Robustness Metrics for Explainable AI,Explain Robustness Metrics for Explainable AI.,3.0,5.0,2.0,29.622485875706218,14.013333333333339,0.2057142857142857,0.0,11.0,177.0
0.0,"Human-centric interpretability in machine learning refers to the ability of machine learning models to provide explanations and insights that are understandable and meaningful to humans. This concept is crucial because it ensures that the decisions made by complex AI systems can be trusted and understood by people who interact with or rely on these systems.

### Key Aspects of Human-Centric Interpretability

1. **Transparency**: The model's decision-making process should be clear and transparent. This means that users can understand how the model arrived at a particular conclusion or prediction.

2. **Interpretability**: The explanations provided by the model should be interpretable by humans. This involves using language and concepts that are familiar to the user, rather than technical jargon or complex algorithms.

3. **Relevance**: The explanations should be relevant to the specific context or scenario in which the model is being used. For example, if a medical diagnosis model provides an explanation, it should be relevant to the patient's condition and medical history.

4. **Trustworthiness**: Users should trust the explanations provided by the model. This involves ensuring that the explanations",Human-Computer Interaction,,8,"{'n_words': 178, 'fk_grade': 12.818787878787884, 'fk_ease': 31.817981510015414, 'jargon_rate': 0.15168539325842698, 'definition_count': 4}",none,Human-Centric Interpretability in Machine Learning,Explain Human-Centric Interpretability in Machine Learning.,4.0,4.0,1.0,31.817981510015414,12.818787878787884,0.15168539325842698,0.0,14.0,178.0
0.5,"Human-centric interpretability in machine learning refers to the ability of machine learning models to provide explanations and insights that are understandable and meaningful to humans. This concept is crucial because it ensures that the decisions made by complex AI systems can be trusted and understood by people who interact with or rely on these systems.

### Key Aspects of Human-Centric Interpretability

1. **Transparency**: The model's decision-making process should be clear and transparent to users. This means that the steps involved in making predictions or decisions should be easily traceable and explainable.

2. **Interpretability**: The output of the model should be interpretable by humans. This involves providing explanations for why certain predictions were made, which features of the input data were most influential, and how different factors might affect the outcome.

3. **Trustworthiness**: Users need to trust the model's outputs. This is achieved through consistent performance, reliability, and the ability to explain errors or unexpected results.

4. **Accessibility**: Explanations should be accessible to all users, regardless of their technical background. This includes using simple language",Human-Computer Interaction,0.5,8,"{'n_words': 174, 'fk_grade': 12.711266421439834, 'fk_ease': 31.94118234366792, 'jargon_rate': 0.1839080459770115, 'definition_count': 4}",plus,Human-Centric Interpretability in Machine Learning,Explain Human-Centric Interpretability in Machine Learning.,4.0,4.0,0.0,31.94118234366792,12.711266421439834,0.1839080459770115,0.0,14.0,174.0
0.5,"Human-centric interpretability in machine learning refers to the ability of machine learning models to provide explanations and insights that are understandable and meaningful to humans. This concept is crucial because it ensures that the decisions made by complex AI systems can be trusted and understood by people who interact with or rely on these systems.

### Key Aspects of Human-Centric Interpretability

1. **Transparency**: The model's decision-making process should be clear and comprehensible to humans. This means that the steps involved in making predictions or decisions should be explainable in a way that aligns with human understanding.

2. **Interpretability**: The model should provide explanations for its outputs that are relevant and useful to the user. For example, if a model predicts a certain outcome, it should be able to justify why it made that prediction based on the input data.

3. **Trustworthiness**: Users need to trust the model's decisions. This involves not only transparency but also ensuring that the model's behavior is consistent, fair, and unbiased.

4. **Relevance**: Explanations should be relevant to the specific",Human-Computer Interaction,-0.5,8,"{'n_words': 174, 'fk_grade': 12.36971676300578, 'fk_ease': 37.19110693641622, 'jargon_rate': 0.13142857142857142, 'definition_count': 4}",minus,Human-Centric Interpretability in Machine Learning,Explain Human-Centric Interpretability in Machine Learning.,4.0,4.0,1.0,37.19110693641622,12.36971676300578,0.13142857142857142,0.0,13.0,174.0
1.0,"Human-centric interpretability in machine learning refers to the ability of machine learning models to provide explanations that are understandable and meaningful to humans. This concept is crucial because it ensures that the decisions made by complex AI systems can be trusted and understood by people who interact with or rely on these systems. Here are some key aspects of human-centric interpretability:

1. **Transparency**: The model's decision-making process should be transparent enough for humans to understand how inputs lead to outputs. This includes explaining which features or data points were most influential in making a particular prediction.

2. **Interpretability**: The explanations provided by the model should be interpretable by humans. This means that the language used to describe the model’s behavior should be clear and accessible, avoiding overly technical jargon.

3. **Relevance**: Explanations should focus on the most relevant factors contributing to the model's predictions. This helps users understand why certain outcomes were reached and allows them to make informed decisions based on this understanding.

4. **Contextual Understanding**: Interpretability should take into account the context in which the model operates.",Human-Computer Interaction,1.0,8,"{'n_words': 179, 'fk_grade': 13.277033519553076, 'fk_ease': 31.754768156424603, 'jargon_rate': 0.16574585635359115, 'definition_count': 3}",plus,Human-Centric Interpretability in Machine Learning,Explain Human-Centric Interpretability in Machine Learning.,4.0,3.0,0.0,31.754768156424603,13.277033519553076,0.16574585635359115,0.0,13.0,179.0
1.0,"Human-centric interpretability in machine learning refers to the ability of machine learning models to provide explanations and insights that are understandable and meaningful to humans. This concept is crucial because it ensures that the decisions made by complex AI systems can be trusted and understood by people who interact with or rely on these systems.

### Key Aspects of Human-Centric Interpretability

1. **Transparency**: The model's decision-making process should be clear and transparent to users. This means that the steps involved in making predictions or decisions should be easily traceable and explainable.

2. **Interpretability**: The output of the model should be interpretable by humans. This involves providing explanations for why certain predictions were made, which features of the input data were most influential, and how different factors might affect the outcome.

3. **Trustworthiness**: Users need to trust the model's decisions. This is achieved by ensuring that the model's behavior aligns with human expectations and ethical standards.

4. **Accessibility**: Explanations should be accessible to all users, regardless of their technical background. This includes using simple language",Human-Computer Interaction,-1.0,8,"{'n_words': 174, 'fk_grade': 12.438434051497637, 'fk_ease': 33.89725170782975, 'jargon_rate': 0.17714285714285713, 'definition_count': 4}",minus,Human-Centric Interpretability in Machine Learning,Explain Human-Centric Interpretability in Machine Learning.,4.0,4.0,0.0,33.89725170782975,12.438434051497637,0.17714285714285713,0.0,14.0,174.0
2.0,"Human-centric interpretability in machine learning refers to the ability of machine learning models to provide explanations and insights that are understandable and meaningful to humans. This concept is crucial because it ensures that the decisions made by complex AI systems can be trusted and understood by people who interact with or rely on these systems.

### Key Aspects of Human-Centric Interpretability

1. **Transparency**: The model's decision-making process should be clear and transparent. This means that users can understand how inputs are transformed into outputs, and why certain predictions or decisions were made.

2. **Interpretability**: The explanations provided by the model should be interpretable by humans. This involves using language and concepts that are familiar to the user, rather than technical jargon or complex algorithms.

3. **Relevance**: Explanations should focus on the most relevant factors contributing to the model's decision. This helps users understand which aspects of the input data are most important for the model's output.

4. **Fidelity**: The explanations should accurately reflect the model's behavior. This means that the explanations should not mislead or",Human-Computer Interaction,2.0,8,"{'n_words': 175, 'fk_grade': 12.212424242424241, 'fk_ease': 35.67954545454546, 'jargon_rate': 0.15254237288135594, 'definition_count': 4}",plus,Human-Centric Interpretability in Machine Learning,Explain Human-Centric Interpretability in Machine Learning.,4.0,4.0,0.0,35.67954545454546,12.212424242424241,0.15254237288135594,0.0,14.0,175.0
2.0,"Human-centric interpretability in machine learning refers to the ability of machine learning models to provide explanations and insights that are understandable and meaningful to humans. This concept is crucial because it ensures that the decisions made by complex AI systems can be trusted, understood, and potentially improved upon by human experts.

### Key Aspects of Human-Centric Interpretability

1. **Transparency**: The model's decision-making process should be clear and comprehensible to humans. This means that the steps involved in making predictions or decisions should be explainable in terms that people can understand.

2. **Interpretability**: The output of the model should be interpretable by humans. For example, if a model predicts a certain outcome, it should be possible to explain why that prediction was made based on the input data.

3. **Trustworthiness**: Humans need to trust the decisions made by the model. This involves ensuring that the model is accurate, reliable, and consistent in its predictions.

4. **Relevance**: The explanations provided by the model should be relevant to the specific context or problem at hand. This means that",Human-Computer Interaction,-2.0,8,"{'n_words': 175, 'fk_grade': 11.602079414838034, 'fk_ease': 40.05540752351098, 'jargon_rate': 0.13793103448275862, 'definition_count': 5}",minus,Human-Centric Interpretability in Machine Learning,Explain Human-Centric Interpretability in Machine Learning.,4.0,5.0,1.0,40.05540752351098,11.602079414838034,0.13793103448275862,0.0,14.0,175.0
0.0,"Certainly! Let's break down the concepts of Incremental Learning and Interpretability in machine learning.

### Incremental Learning

Incremental learning, also known as online learning or continual learning, is a type of machine learning where a model is trained on data that arrives over time, rather than being fed all the data at once. This approach is particularly useful in scenarios where:

1. **Data is generated continuously**: For example, in real-time data streams from sensors, social media feeds, or financial transactions.
2. **Concept drift**: The underlying patterns in the data change over time, and the model needs to adapt to these changes without forgetting previously learned information.
3. **Resource constraints**: In some applications, it may not be feasible to store all historical data due to storage limitations or computational costs.

**Key Aspects of Incremental Learning:**

- **Online Learning**: Data points arrive one at a time, and the model updates its parameters incrementally.
- **Continual Learning**: The model learns from new data while maintaining performance on old data, which can be challenging due to issues like catastrophic",Artificial Intelligence,,9,"{'n_words': 175, 'fk_grade': 14.199651162790698, 'fk_ease': 31.552034883720978, 'jargon_rate': 0.1695906432748538, 'definition_count': 4}",none,Incremental Learning and Interpretability,Explain Incremental Learning and Interpretability.,5.0,4.0,1.0,31.552034883720978,14.199651162790698,0.1695906432748538,0.0,11.0,175.0
0.5,"Certainly! Let's break down the concepts of Incremental Learning and Interpretability in machine learning.

### Incremental Learning

Incremental learning, also known as online learning or continual learning, is a type of machine learning where a model is trained on data that arrives over time, rather than being trained on a static dataset. This approach is particularly useful in scenarios where data is continuously generated and the model needs to adapt to new information without forgetting previously learned information.

#### Key Aspects of Incremental Learning:

1. **Continuous Data Stream**: The model receives data in a stream, which means it can learn from new data points as they become available.
2. **Adaptation**: The model adapts its parameters based on the new data, allowing it to update its knowledge incrementally.
3. **Memory Management**: Managing the trade-off between retaining old information and incorporating new data is crucial. Techniques like forgetting mechanisms or selective retention strategies are often employed.
4. **Concept Drift Handling**: Incremental learning helps in handling concept drift, where the underlying distribution of the data changes over time, ensuring the",Artificial Intelligence,0.5,9,"{'n_words': 177, 'fk_grade': 14.177333333333333, 'fk_ease': 28.05088888888892, 'jargon_rate': 0.19653179190751446, 'definition_count': 6}",plus,Incremental Learning and Interpretability,Explain Incremental Learning and Interpretability.,4.0,6.0,0.0,28.05088888888892,14.177333333333333,0.19653179190751446,0.0,13.0,177.0
0.5,"Certainly! Let's break down the concepts of Incremental Learning and Interpretability in machine learning.

### Incremental Learning

Incremental learning, also known as online learning or continual learning, is a type of machine learning where a model is trained on data that arrives over time, rather than being trained on a static dataset. This approach is particularly useful in scenarios where data is continuously generated and the model needs to adapt to new information without forgetting previously learned information.

#### Key Aspects of Incremental Learning:

1. **Continuous Data Stream**: The model receives data in a stream, meaning it can learn from new data points as they become available.
2. **Adaptation**: The model adapts its parameters based on the new data, allowing it to update its knowledge incrementally.
3. **Memory Management**: Techniques like forgetting old data or using techniques such as Elastic Weight Consolidation (EWC) are used to prevent catastrophic forgetting, where the model forgets previously learned information when new data is introduced.
4. **Performance Over Time**: The goal is often to maintain or improve performance over time as",Artificial Intelligence,-0.5,9,"{'n_words': 177, 'fk_grade': 14.518392857142857, 'fk_ease': 29.93473214285717, 'jargon_rate': 0.19767441860465115, 'definition_count': 6}",minus,Incremental Learning and Interpretability,Explain Incremental Learning and Interpretability.,4.0,6.0,0.0,29.93473214285717,14.518392857142857,0.19767441860465115,0.0,12.0,177.0
1.0,"Certainly! Let's break down the concepts of Incremental Learning and Interpretability in machine learning.

### Incremental Learning

Incremental learning, also known as online learning or continual learning, is a type of machine learning where a model is trained on data that arrives over time, rather than being fed all the data at once. This approach is particularly useful in scenarios where:

1. **Data is generated continuously**: For example, in real-time data streams from sensors, social media feeds, or financial transactions.
2. **Concept drift**: The underlying patterns in the data change over time, and the model needs to adapt to these changes without forgetting previously learned information.
3. **Resource constraints**: In some applications, it may not be feasible to store all historical data due to storage limitations.

**Key Aspects of Incremental Learning:**

- **Online Learning**: Data points arrive one at a time, and the model updates its parameters incrementally.
- **Continual Learning**: The model learns from new data while maintaining performance on old data, which can be challenging due to issues like catastrophic forgetting.
-",Artificial Intelligence,1.0,9,"{'n_words': 174, 'fk_grade': 14.076323529411763, 'fk_ease': 31.990955882352978, 'jargon_rate': 0.17159763313609466, 'definition_count': 4}",plus,Incremental Learning and Interpretability,Explain Incremental Learning and Interpretability.,5.0,4.0,1.0,31.990955882352978,14.076323529411763,0.17159763313609466,0.0,12.0,174.0
1.0,"Certainly! Let's break down the concepts of Incremental Learning and Interpretability in machine learning.

### Incremental Learning

Incremental learning, also known as online learning or continual learning, is a type of machine learning where a model is trained on data that arrives over time, rather than being trained on a static dataset. This approach is particularly useful in scenarios where data is continuously generated and the model needs to adapt to new information without forgetting previously learned information.

#### Key Aspects of Incremental Learning:

1. **Continuous Data Stream**: The model receives data in a stream, which means it can learn from new data points as they become available.
2. **Adaptation**: The model adapts its parameters based on the new data, allowing it to update its knowledge incrementally.
3. **Concept Drift Handling**: It helps in handling concept drift, where the underlying patterns in the data change over time.
4. **Resource Efficiency**: Incremental learning can be more resource-efficient compared to retraining the model from scratch with all historical data.

#### Challenges:
- **Catastrophic For",Artificial Intelligence,-1.0,9,"{'n_words': 172, 'fk_grade': 13.112619047619049, 'fk_ease': 34.299047619047656, 'jargon_rate': 0.1746987951807229, 'definition_count': 5}",minus,Incremental Learning and Interpretability,Explain Incremental Learning and Interpretability.,5.0,5.0,0.0,34.299047619047656,13.112619047619049,0.1746987951807229,0.0,13.0,172.0
2.0,"Certainly! Let's break down the concepts of Incremental Learning and Interpretability in machine learning.

### Incremental Learning

Incremental learning, also known as online learning or continual learning, is a type of machine learning where a model is trained on data that arrives over time, rather than being fed all the data at once. This approach is particularly useful in scenarios where:

1. **Data is generated continuously**: For example, in real-time data streams from sensors, social media feeds, or financial transactions.
2. **Concept drift**: The underlying patterns in the data change over time, and the model needs to adapt to these changes without forgetting previously learned information.
3. **Resource constraints**: In some applications, it may not be feasible to store all historical data due to storage limitations.

**Key Aspects of Incremental Learning:**

- **Online Learning**: Data points arrive one at a time, and the model updates its parameters incrementally.
- **Continual Learning**: The model learns from new data while maintaining performance on old data, which can be challenging due to issues like catastrophic forgetting.
-",Artificial Intelligence,2.0,9,"{'n_words': 174, 'fk_grade': 14.076323529411763, 'fk_ease': 31.990955882352978, 'jargon_rate': 0.17159763313609466, 'definition_count': 4}",plus,Incremental Learning and Interpretability,Explain Incremental Learning and Interpretability.,5.0,4.0,1.0,31.990955882352978,14.076323529411763,0.17159763313609466,0.0,12.0,174.0
2.0,"Certainly! Let's break down the concepts of Incremental Learning and Interpretability in machine learning.

### Incremental Learning

Incremental learning, also known as online learning or continual learning, is a type of machine learning where a model is trained on data that arrives over time, rather than being trained on a static dataset. This approach is particularly useful in scenarios where data is continuously generated and the model needs to adapt to new information without forgetting previously learned information.

#### Key Aspects of Incremental Learning:

1. **Continuous Data Stream**: The model receives data in a stream, which means it can learn from new data points as they become available.
2. **Adaptation**: The model adapts its parameters based on the new data, allowing it to update its knowledge incrementally.
3. **Concept Drift Handling**: It helps in handling concept drift, where the underlying patterns in the data change over time.
4. **Resource Efficiency**: Incremental learning can be more resource-efficient compared to retraining the model from scratch with all historical data.

#### Challenges:
- **Catastrophic For",Artificial Intelligence,-2.0,9,"{'n_words': 172, 'fk_grade': 13.112619047619049, 'fk_ease': 34.299047619047656, 'jargon_rate': 0.1746987951807229, 'definition_count': 5}",minus,Incremental Learning and Interpretability,Explain Incremental Learning and Interpretability.,5.0,5.0,0.0,34.299047619047656,13.112619047619049,0.1746987951807229,0.0,13.0,172.0
0.0,"The ethics of model disclosure in data-driven decisions refer to the principles and guidelines that ensure transparency, accountability, and fairness when models are used to make decisions that affect individuals or groups. This is particularly important as more organizations rely on machine learning and other AI models to automate decision-making processes across various sectors, including finance, healthcare, criminal justice, and employment.

### Key Ethical Considerations

1. **Transparency**:
   - **Model Explainability**: Models should be designed in such a way that their decision-making processes can be understood and explained. This is crucial for building trust and ensuring that stakeholders can understand how decisions are being made.
   - **Data Transparency**: The data used to train the models should also be transparent. This includes understanding where the data comes from, how it was collected, and whether it is biased or incomplete.

2. **Accountability**:
   - **Responsibility**: There should be clear lines of responsibility for the outcomes of the models. This means that if a model makes a mistake or produces unfair results, there should be a process in place to identify who",AI Ethics,,10,"{'n_words': 177, 'fk_grade': 13.80146435452794, 'fk_ease': 30.34987797045602, 'jargon_rate': 0.1896551724137931, 'definition_count': 4}",none,Ethics of Model Disclosure in Data-Driven Decisions,Explain Ethics of Model Disclosure in Data-Driven Decisions.,5.0,4.0,0.0,30.34987797045602,13.80146435452794,0.1896551724137931,0.0,10.0,177.0
0.5,"The ethics of model disclosure in data-driven decisions refer to the principles and guidelines that ensure transparency, accountability, and fairness when models are used to make decisions that affect individuals or groups. This is particularly important as more organizations rely on machine learning and other AI models to automate decision-making processes across various domains, including finance, healthcare, criminal justice, and employment.

### Key Ethical Considerations

1. **Transparency**:
   - **Model Explainability**: Models should be designed in such a way that their decision-making processes can be understood and explained. This is crucial for building trust and ensuring that stakeholders can understand how decisions are being made.
   - **Data Transparency**: The data used to train the models should be transparent, with clear sources and methods of collection. This helps prevent biases and ensures that the model's decisions are based on reliable and unbiased data.

2. **Accountability**:
   - **Responsibility**: There should be clear lines of responsibility for the outcomes of the models. This includes identifying who is responsible for the accuracy, fairness, and ethical implications of the model's decisions",AI Ethics,0.5,10,"{'n_words': 175, 'fk_grade': 14.867953216374271, 'fk_ease': 22.307894736842115, 'jargon_rate': 0.20689655172413793, 'definition_count': 3}",plus,Ethics of Model Disclosure in Data-Driven Decisions,Explain Ethics of Model Disclosure in Data-Driven Decisions.,5.0,3.0,0.0,22.307894736842115,14.867953216374271,0.20689655172413793,0.0,10.0,175.0
0.5,"The ethics of model disclosure in data-driven decisions refer to the principles and guidelines that ensure transparency, accountability, and fairness when using machine learning models to make decisions. These models can have significant impacts on individuals, communities, and society as a whole, making it crucial to consider ethical implications throughout their development and deployment.

### Key Ethical Considerations

1. **Transparency**:
   - **Model Explainability**: Models should be designed in such a way that their decision-making processes can be understood and explained. This is particularly important for high-stakes applications like healthcare, criminal justice, and finance.
   - **Data Transparency**: The data used to train the models should be transparent, with clear sources and methods of collection. This helps in understanding the biases and limitations inherent in the data.

2. **Accountability**:
   - **Responsibility**: Those who develop, deploy, and use these models must take responsibility for their outcomes. This includes being prepared to explain and justify the decisions made by the models.
   - **Regulatory Compliance**: Adherence to relevant laws and regulations, such as",AI Ethics,-0.5,10,"{'n_words': 168, 'fk_grade': 14.294607361963191, 'fk_ease': 21.609518404907988, 'jargon_rate': 0.22560975609756098, 'definition_count': 1}",minus,Ethics of Model Disclosure in Data-Driven Decisions,Explain Ethics of Model Disclosure in Data-Driven Decisions.,6.0,1.0,1.0,21.609518404907988,14.294607361963191,0.22560975609756098,0.0,11.0,168.0
1.0,"The ethics of model disclosure in data-driven decisions refer to the principles and guidelines that ensure transparency, accountability, and fairness when models are used to make decisions that affect individuals or groups. This is particularly important as more organizations rely on machine learning and other AI models to automate decision-making processes across various sectors, including finance, healthcare, criminal justice, and employment.

### Key Ethical Considerations

1. **Transparency**:
   - **Model Explainability**: Models should be designed in such a way that their decision-making processes can be understood and explained. This is crucial for building trust and ensuring that stakeholders can understand how decisions are being made.
   - **Data Transparency**: The data used to train the models should be transparent, with clear sources and methods of collection. This helps prevent biases and ensures that the model's decisions are based on reliable and unbiased data.

2. **Accountability**:
   - **Responsibility**: There should be clear lines of responsibility for the outcomes of the models. This includes identifying who is responsible for the accuracy, fairness, and ethical implications of the model's decisions",AI Ethics,1.0,10,"{'n_words': 175, 'fk_grade': 14.867953216374271, 'fk_ease': 22.307894736842115, 'jargon_rate': 0.20689655172413793, 'definition_count': 3}",plus,Ethics of Model Disclosure in Data-Driven Decisions,Explain Ethics of Model Disclosure in Data-Driven Decisions.,5.0,3.0,0.0,22.307894736842115,14.867953216374271,0.20689655172413793,0.0,10.0,175.0
1.0,"The ethics of model disclosure in data-driven decisions refer to the principles and guidelines that ensure transparency, accountability, and fairness when using machine learning models to make decisions. These models can have significant impacts on individuals, communities, and society as a whole, making it crucial to consider ethical implications throughout their development, deployment, and use. Here are some key aspects of the ethics of model disclosure:

1. **Transparency**:
   - **Model Explanation**: Models should be explainable so that users understand how decisions are made. This is particularly important for high-stakes applications like healthcare, criminal justice, and finance.
   - **Data Transparency**: The data used to train the models should be disclosed, especially if it involves sensitive or personal information. This helps in understanding the biases and limitations of the model.

2. **Accountability**:
   - **Responsibility**: Those who develop, deploy, and use the models must be held accountable for the outcomes. This includes ensuring that the models do not perpetuate or exacerbate existing social inequalities.
   - **Regulatory Compliance**: Adherence to relevant laws",AI Ethics,-1.0,10,"{'n_words': 168, 'fk_grade': 14.406000000000002, 'fk_ease': 20.989000000000033, 'jargon_rate': 0.24390243902439024, 'definition_count': 1}",minus,Ethics of Model Disclosure in Data-Driven Decisions,Explain Ethics of Model Disclosure in Data-Driven Decisions.,6.0,1.0,1.0,20.989000000000033,14.406000000000002,0.24390243902439024,0.0,11.0,168.0
2.0,"The ethics of model disclosure in data-driven decisions refer to the principles and guidelines that ensure transparency, accountability, and fairness when models are used to make decisions that affect individuals or groups. This is particularly important as more organizations rely on machine learning and other AI models to automate decision-making processes across various sectors, including finance, healthcare, criminal justice, and employment.

### Key Ethical Considerations

1. **Transparency**:
   - **Model Explainability**: Models should be designed in such a way that their decision-making processes can be understood and explained. This is crucial for building trust and ensuring that stakeholders can understand how decisions are being made.
   - **Data Transparency**: The data used to train the models should be transparent, with clear sources and methods of collection. This helps prevent biases and ensures that the model's decisions are based on reliable and unbiased data.

2. **Accountability**:
   - **Responsibility**: There should be clear lines of responsibility for the outcomes of the models. This includes identifying who is responsible for the accuracy, fairness, and ethical implications of the model's decisions",AI Ethics,2.0,10,"{'n_words': 175, 'fk_grade': 14.867953216374271, 'fk_ease': 22.307894736842115, 'jargon_rate': 0.20689655172413793, 'definition_count': 3}",plus,Ethics of Model Disclosure in Data-Driven Decisions,Explain Ethics of Model Disclosure in Data-Driven Decisions.,5.0,3.0,0.0,22.307894736842115,14.867953216374271,0.20689655172413793,0.0,10.0,175.0
2.0,"The ethics of model disclosure in data-driven decisions refer to the principles and guidelines that ensure transparency, accountability, and fairness when using machine learning models to make decisions. These models can have significant impacts on individuals, communities, and society as a whole, making it crucial to consider ethical implications throughout their development and deployment. Here are some key aspects of the ethics of model disclosure:

1. **Transparency**:
   - **Model Explanation**: Models should be explainable so that users understand how decisions are made. This is particularly important for high-stakes applications like healthcare, criminal justice, and finance.
   - **Data Transparency**: The data used to train the models should be disclosed, especially if it involves sensitive or personal information. This helps in understanding the biases and limitations of the model.

2. **Accountability**:
   - **Responsibility**: Those who develop, deploy, and use the models must be held accountable for their actions and decisions. This includes ensuring that the models do not perpetuate or exacerbate existing social inequalities.
   - **Regulatory Compliance**: Adherence to relevant laws and",AI Ethics,-2.0,10,"{'n_words': 170, 'fk_grade': 14.484000000000002, 'fk_ease': 20.78600000000003, 'jargon_rate': 0.2469879518072289, 'definition_count': 1}",minus,Ethics of Model Disclosure in Data-Driven Decisions,Explain Ethics of Model Disclosure in Data-Driven Decisions.,6.0,1.0,1.0,20.78600000000003,14.484000000000002,0.2469879518072289,0.0,11.0,170.0
0.0,"Temporal interpretability in time-series models refers to the ability to understand and explain how past data points influence current or future predictions within a time-series analysis. This concept is crucial for ensuring that the model's predictions are not only accurate but also understandable and trustworthy. Here’s a detailed explanation:

### 1. **Definition of Temporal Interpretability**
Temporal interpretability in the context of time-series models means being able to trace the impact of historical data on the model's output. It involves understanding which past observations contribute most significantly to the prediction at any given point in time.

### 2. **Importance of Temporal Interpretability**
- **Trustworthiness**: Understanding how the model makes decisions can increase trust in its predictions.
- **Debugging and Improvement**: Identifying which features or time periods are most influential can help in refining the model.
- **Policy Making**: In fields like finance, healthcare, and environmental science, understanding the temporal dynamics can be critical for making informed decisions.

### 3. **Methods for Achieving Temporal Interpretability**

#### a. **Feature Importance Analysis**
",Data Science,,11,"{'n_words': 168, 'fk_grade': 14.728751552795032, 'fk_ease': 18.140704968944135, 'jargon_rate': 0.2073170731707317, 'definition_count': 3}",none,Temporal Interpretability in Time-Series Models,Explain Temporal Interpretability in Time-Series Models.,3.0,3.0,0.0,18.140704968944135,14.728751552795032,0.2073170731707317,0.0,12.0,168.0
0.5,"Temporal interpretability in time-series models refers to the ability to understand and explain how past data points influence current or future predictions within a time-series analysis. This concept is crucial for ensuring that the model's predictions are not only accurate but also understandable and trustworthy. Here’s a detailed explanation:

### 1. **Definition of Temporal Interpretability**
Temporal interpretability in the context of time-series models means being able to trace the impact of historical data on the model's output. It involves understanding which past observations contribute most significantly to the prediction at any given point in time.

### 2. **Importance of Temporal Interpretability**
- **Trustworthiness**: Understanding how the model makes decisions can increase trust in its predictions.
- **Debugging and Improvement**: Identifying which features or time periods are most influential can help in refining the model.
- **Policy Making**: In fields like finance, healthcare, and environmental science, understanding the temporal dynamics can be critical for making informed decisions.

### 3. **Techniques for Temporal Interpretability**

#### a. **Feature Importance**
- **",Data Science,0.5,11,"{'n_words': 168, 'fk_grade': 15.122641509433969, 'fk_ease': 18.107106918238998, 'jargon_rate': 0.20987654320987653, 'definition_count': 3}",plus,Temporal Interpretability in Time-Series Models,Explain Temporal Interpretability in Time-Series Models.,4.0,3.0,0.0,18.107106918238998,15.122641509433969,0.20987654320987653,0.0,12.0,168.0
0.5,"Temporal interpretability in time-series models refers to the ability to understand and explain how past data points influence current or future predictions within a time-series analysis. This concept is crucial for ensuring that the model's predictions are not only accurate but also understandable and trustworthy. Here’s a detailed explanation:

### 1. **Understanding Time-Series Data**
Time-series data consists of observations recorded over time at regular intervals. Each data point is associated with a specific time stamp, making it inherently sequential and dependent on its historical context.

### 2. **Temporal Dependencies**
In time-series models, the value at any given time \( t \) often depends on the values at previous times \( t-1, t-2, \ldots \). These dependencies can be short-term (e.g., immediate past) or long-term (e.g., seasonal patterns).

### 3. **Interpretability Challenges**
Traditional machine learning models often lack transparency, especially when dealing with complex temporal dependencies. Understanding why a particular prediction was made based on historical data can be challenging.

### 4. **Temporal Interpretability Techniques",Data Science,-0.5,11,"{'n_words': 164, 'fk_grade': 13.616550116550119, 'fk_ease': 22.698146853146852, 'jargon_rate': 0.19631901840490798, 'definition_count': 3}",minus,Temporal Interpretability in Time-Series Models,Explain Temporal Interpretability in Time-Series Models.,0.0,3.0,0.0,22.698146853146852,13.616550116550119,0.19631901840490798,0.0,17.0,164.0
1.0,"Temporal interpretability in time-series models refers to the ability to understand and explain how past data points influence current or future predictions within a time-series analysis. This concept is crucial for ensuring that the model's predictions are not only accurate but also understandable and trustworthy. Here’s a detailed explanation:

### 1. **Definition of Temporal Interpretability**
Temporal interpretability in the context of time-series models means being able to trace the impact of historical data on the model's output. It involves understanding which past data points (or features) contribute most significantly to the prediction at any given point in time.

### 2. **Importance of Temporal Interpretability**
- **Trustworthiness**: Understanding how the model makes decisions can increase trust in its predictions.
- **Debugging and Improvement**: Identifying which factors are driving the model's behavior helps in debugging and improving the model.
- **Policy Making**: In applications like finance, healthcare, or environmental monitoring, understanding the temporal dynamics can be critical for making informed decisions.

### 3. **Techniques for Temporal Interpretability**

#### a.",Data Science,1.0,11,"{'n_words': 167, 'fk_grade': 15.238333333333333, 'fk_ease': 17.475555555555587, 'jargon_rate': 0.21341463414634146, 'definition_count': 3}",plus,Temporal Interpretability in Time-Series Models,Explain Temporal Interpretability in Time-Series Models.,3.0,3.0,0.0,17.475555555555587,15.238333333333333,0.21341463414634146,0.0,11.0,167.0
1.0,"Temporal interpretability in time-series models refers to the ability to understand and explain how past data points influence current or future predictions within a time-series analysis. This concept is crucial for gaining insights into the dynamics of the system being modeled and ensuring that the model's predictions are not only accurate but also meaningful and actionable.

### Key Aspects of Temporal Interpretability

1. **Understanding Dependencies:**
   - **Lag Effects:** Identifying how past values (lags) of a variable affect its current value. For example, in stock price prediction, understanding how yesterday's price influences today's price.
   - **Seasonality:** Recognizing patterns that repeat over specific time intervals (e.g., daily, weekly, yearly). Understanding these patterns helps in making more informed predictions.

2. **Feature Importance:**
   - Determining which features (variables) are most influential at different points in time. This can help in identifying key drivers of the time series and in making targeted interventions.

3. **Anomaly Detection:**
   - Temporal interpretability aids in detecting anomalies or unusual patterns in the",Data Science,-1.0,11,"{'n_words': 163, 'fk_grade': 13.835868814729576, 'fk_ease': 21.449579976985035, 'jargon_rate': 0.19254658385093168, 'definition_count': 2}",minus,Temporal Interpretability in Time-Series Models,Explain Temporal Interpretability in Time-Series Models.,7.0,2.0,1.0,21.449579976985035,13.835868814729576,0.19254658385093168,0.0,14.0,163.0
2.0,"Temporal interpretability in time-series models refers to the ability to understand and explain how past data points influence current or future predictions within a time-series analysis. This concept is crucial for ensuring that the model's predictions are not only accurate but also understandable and trustworthy. Here’s a detailed explanation:

### 1. **Definition of Temporal Interpretability**
Temporal interpretability in the context of time-series models means being able to trace the impact of historical data on the model's output. It involves understanding which past observations contribute most significantly to the prediction at any given point in time.

### 2. **Importance of Temporal Interpretability**
- **Trustworthiness**: Understanding how the model makes decisions can increase trust in its predictions.
- **Debugging and Improvement**: Identifying which features or time periods are most influential can help in refining the model.
- **Policy Making**: In fields like finance, healthcare, and environmental science, understanding the temporal dynamics can be critical for making informed decisions.

### 3. **Techniques for Temporal Interpretability**

#### a. **Feature Importance**
- **",Data Science,2.0,11,"{'n_words': 168, 'fk_grade': 15.122641509433969, 'fk_ease': 18.107106918238998, 'jargon_rate': 0.20987654320987653, 'definition_count': 3}",plus,Temporal Interpretability in Time-Series Models,Explain Temporal Interpretability in Time-Series Models.,4.0,3.0,0.0,18.107106918238998,15.122641509433969,0.20987654320987653,0.0,12.0,168.0
2.0,"Temporal interpretability in time-series models refers to the ability to understand and explain how past data points influence current or future predictions within a time-series analysis. This concept is crucial for gaining insights into the dynamics of the system being modeled and ensuring that the model's predictions are not only accurate but also meaningful and actionable.

### Key Aspects of Temporal Interpretability

1. **Understanding Dependencies:**
   - **Lag Effects:** Identifying how past values (lags) of a variable affect its current value. For example, in stock price prediction, understanding how yesterday's price influences today's price.
   - **Seasonality:** Recognizing patterns that repeat over specific time intervals (e.g., daily, weekly, yearly). Understanding these patterns helps in making more informed predictions.

2. **Feature Importance:**
   - Determining which features (variables) are most influential at different points in time. This can help in identifying key drivers of the time series and in making targeted interventions.

3. **Anomaly Detection:**
   - Temporal interpretability aids in detecting unusual patterns or anomalies in the",Data Science,-2.0,11,"{'n_words': 163, 'fk_grade': 13.835868814729576, 'fk_ease': 21.449579976985035, 'jargon_rate': 0.19254658385093168, 'definition_count': 2}",minus,Temporal Interpretability in Time-Series Models,Explain Temporal Interpretability in Time-Series Models.,7.0,2.0,1.0,21.449579976985035,13.835868814729576,0.19254658385093168,0.0,14.0,163.0
0.0,"Analysis of bias in interpretability techniques is crucial for ensuring that machine learning models are fair, transparent, and trustworthy. Interpretability techniques aim to make the decision-making process of a model understandable to humans, but they can also introduce or amplify biases if not carefully managed. Here’s an overview of how bias can manifest in interpretability techniques and how it can be analyzed:

### 1. **Types of Bias in Interpretability**

#### **Data Bias**
- **Source:** The data used to train the model may contain inherent biases.
- **Impact on Interpretability:** If the data is biased, any interpretability technique applied to the model will reflect these biases, leading to misleading explanations.

#### **Algorithmic Bias**
- **Source:** The algorithm itself may have biases due to its design or the way it processes information.
- **Impact on Interpretability:** Biases in the algorithm can lead to skewed interpretations, where certain features or patterns are overemphasized or underrepresented.

#### **Human Bias**
- **Source:** The human designers or interpreters may introduce biases through their choices in feature selection",Machine Learning Fairness,,12,"{'n_words': 171, 'fk_grade': 15.251944444444447, 'fk_ease': 21.78125, 'jargon_rate': 0.18404907975460122, 'definition_count': 2}",none,Analysis of Bias in Interpretability Techniques,Explain Analysis of Bias in Interpretability Techniques.,5.0,2.0,0.0,21.78125,15.251944444444447,0.18404907975460122,0.0,8.0,171.0
0.5,"Analysis of bias in interpretability techniques is crucial for ensuring that machine learning models are fair, transparent, and trustworthy. Interpretability techniques aim to make the decision-making process of a model understandable to humans, but they can also introduce or amplify biases if not carefully managed. Here’s an overview of how bias can manifest in interpretability techniques and how it can be analyzed:

### 1. **Types of Bias in Interpretability**

#### **Data Bias**
- **Source:** The data used to train the model may contain inherent biases.
- **Impact on Interpretability:** If the data is biased, any interpretability technique applied to the model will reflect these biases. For example, if a model trained on biased data about loan applicants (e.g., more data from certain demographics), the interpretability techniques might highlight features that are actually biased.

#### **Algorithmic Bias**
- **Source:** The algorithm itself may have biases due to its design or implementation.
- **Impact on Interpretability:** Biases in the algorithm can lead to misleading interpretations. For instance, if a model uses a feature importance measure that",Machine Learning Fairness,0.5,12,"{'n_words': 174, 'fk_grade': 13.392461077844313, 'fk_ease': 28.789889221556905, 'jargon_rate': 0.16568047337278108, 'definition_count': 2}",plus,Analysis of Bias in Interpretability Techniques,Explain Analysis of Bias in Interpretability Techniques.,4.0,2.0,2.0,28.789889221556905,13.392461077844313,0.16568047337278108,0.0,11.0,174.0
0.5,"Analysis of bias in interpretability techniques is crucial for ensuring that machine learning models are fair, transparent, and trustworthy. Interpretability techniques aim to make the decision-making process of a model understandable to humans, but they can also introduce or amplify biases if not carefully managed. Here’s an overview of how bias can manifest in interpretability techniques and how it can be analyzed:

### 1. **Types of Bias in Interpretability**

#### **Data Bias**
- **Source:** The data used to train the model may contain inherent biases.
- **Impact on Interpretability:** If the data is biased, any interpretability technique applied to the model will reflect these biases. For example, if a model trained on biased data about loan applicants (e.g., more data from certain demographics), the interpretability techniques might highlight features that are actually biased.

#### **Algorithmic Bias**
- **Source:** The algorithm itself may have biases due to its design or implementation.
- **Impact on Interpretability:** Biases in the algorithm can lead to misleading interpretations. For instance, if a model uses a feature importance measure that",Machine Learning Fairness,-0.5,12,"{'n_words': 174, 'fk_grade': 13.392461077844313, 'fk_ease': 28.789889221556905, 'jargon_rate': 0.16568047337278108, 'definition_count': 2}",minus,Analysis of Bias in Interpretability Techniques,Explain Analysis of Bias in Interpretability Techniques.,4.0,2.0,2.0,28.789889221556905,13.392461077844313,0.16568047337278108,0.0,11.0,174.0
1.0,"Analysis of bias in interpretability techniques is crucial for ensuring that machine learning models are fair, transparent, and trustworthy. Interpretability techniques aim to make the decision-making process of a model understandable to humans, but they can also introduce or amplify biases if not carefully managed. Here’s an overview of how bias can manifest in interpretability techniques and how it can be analyzed:

### 1. **Types of Bias in Interpretability**

#### **Data Bias**
- **Source:** The data used to train the model may contain inherent biases due to historical or societal factors.
- **Impact on Interpretability:** If the interpretability technique relies heavily on the data distribution, it might reflect these biases, leading to misleading explanations.

#### **Algorithmic Bias**
- **Source:** The algorithm itself may have biases, either due to its design or the way it processes information.
- **Impact on Interpretability:** Biases in the algorithm can lead to skewed interpretations, where certain features or patterns are overemphasized or underrepresented.

#### **Human Bias**
- **Source:** The human designers and interpreters of the",Machine Learning Fairness,1.0,12,"{'n_words': 170, 'fk_grade': 15.41899844720497, 'fk_ease': 20.36092003105594, 'jargon_rate': 0.18518518518518517, 'definition_count': 1}",plus,Analysis of Bias in Interpretability Techniques,Explain Analysis of Bias in Interpretability Techniques.,5.0,1.0,0.0,20.36092003105594,15.41899844720497,0.18518518518518517,0.0,8.0,170.0
1.0,"Analysis of bias in interpretability techniques is crucial for ensuring that machine learning models are fair, transparent, and trustworthy. Interpretability techniques aim to make the decision-making process of a model understandable to humans, but they can also introduce or amplify biases if not carefully managed. Here’s an overview of how bias can manifest in interpretability techniques and how it can be analyzed:

### 1. **Types of Bias in Interpretability**

#### **Data Bias**
- **Source:** The data used to train the model may contain inherent biases.
- **Impact on Interpretability:** If the data is biased, any interpretability technique applied to the model will reflect these biases, leading to misleading explanations.

#### **Algorithmic Bias**
- **Source:** The algorithm itself may have biases due to its design or the way it processes information.
- **Impact on Interpretability:** Biases in the algorithm can lead to skewed interpretations, where certain features or patterns are overemphasized or underrepresented.

#### **Human Bias**
- **Source:** The human designers or interpreters may introduce biases through their choices in feature selection",Machine Learning Fairness,-1.0,12,"{'n_words': 171, 'fk_grade': 15.251944444444447, 'fk_ease': 21.78125, 'jargon_rate': 0.18404907975460122, 'definition_count': 2}",minus,Analysis of Bias in Interpretability Techniques,Explain Analysis of Bias in Interpretability Techniques.,5.0,2.0,0.0,21.78125,15.251944444444447,0.18404907975460122,0.0,8.0,171.0
2.0,"Analysis of bias in interpretability techniques is crucial for ensuring that machine learning models are fair, transparent, and trustworthy. Interpretability techniques aim to make the decision-making process of a model understandable to humans, but they can also introduce or amplify biases if not carefully managed. Here’s an overview of how bias can manifest in interpretability techniques and methods to analyze and mitigate it:

### Types of Bias in Interpretability

1. **Selection Bias**: This occurs when the data used to train the model is not representative of the population or context in which the model will be deployed. This can lead to biased interpretations if the interpretability technique relies on specific patterns in the training data.

2. **Confirmation Bias**: This happens when the interpretability technique is designed to confirm preconceived notions or hypotheses about the model's behavior, rather than providing a balanced view of its workings.

3. **Sampling Bias**: If the interpretability method uses a subset of the data for explanation, this subset might not be representative, leading to biased explanations.

4. **Algorithmic Bias**: The interpretability algorithm itself may have inherent",Machine Learning Fairness,2.0,12,"{'n_words': 180, 'fk_grade': 15.54965782122905, 'fk_ease': 23.431637569832418, 'jargon_rate': 0.17415730337078653, 'definition_count': 3}",plus,Analysis of Bias in Interpretability Techniques,Explain Analysis of Bias in Interpretability Techniques.,4.0,3.0,0.0,23.431637569832418,15.54965782122905,0.17415730337078653,0.0,11.0,180.0
2.0,"Analysis of bias in interpretability techniques is crucial for ensuring that machine learning models are fair, transparent, and trustworthy. Interpretability techniques aim to make the decision-making process of a model understandable to humans, but they can also introduce or amplify biases if not carefully managed. Here’s an overview of how bias can manifest in interpretability techniques and how it can be analyzed:

### 1. **Types of Bias in Interpretability**

#### **Data Bias**
- **Source:** The data used to train the model may contain inherent biases.
- **Impact on Interpretability:** If the data is biased, any interpretability technique applied to the model will reflect these biases. For example, if a model trained on biased data about loan applicants (e.g., more data from certain demographics), the interpretability techniques might highlight features that are actually biased.

#### **Algorithmic Bias**
- **Source:** The algorithm itself may have biases due to its design or the way it processes information.
- **Impact on Interpretability:** Interpretability techniques might inadvertently highlight algorithmic biases. For instance, if a model uses a feature",Machine Learning Fairness,-2.0,12,"{'n_words': 173, 'fk_grade': 13.55990361445783, 'fk_ease': 27.411301204819324, 'jargon_rate': 0.17857142857142858, 'definition_count': 2}",minus,Analysis of Bias in Interpretability Techniques,Explain Analysis of Bias in Interpretability Techniques.,4.0,2.0,2.0,27.411301204819324,13.55990361445783,0.17857142857142858,0.0,11.0,173.0
0.0,"Gradient-based attribution methods are a class of techniques used in machine learning and deep learning to understand the contribution of each input feature to the output of a model. These methods leverage the gradients (i.e., the partial derivatives) of the model's output with respect to its inputs to quantify how much each input contributes to the final prediction.

### Key Concepts

1. **Gradients**: In the context of machine learning, gradients represent the direction and rate of steepest increase of a function. For a model \( f \) that maps inputs \( x \) to outputs \( y \), the gradient of \( f \) with respect to \( x \) at a point \( x_0 \) is given by:
   \[
   \nabla_x f(x_0)
   \]
   This gradient vector points in the direction of the greatest rate of increase of \( f \) at \( x_0 \).

2. **Attribution**: Attribution refers to the process of assigning importance or credit to different features or components of an input based on their contribution to the model's",Deep Learning,,13,"{'n_words': 171, 'fk_grade': 11.898308270676694, 'fk_ease': 48.433157894736866, 'jargon_rate': 0.1282051282051282, 'definition_count': 2}",none,Gradient-Based Attribution Methods,Explain Gradient-Based Attribution Methods.,2.0,2.0,0.0,48.433157894736866,11.898308270676694,0.1282051282051282,0.0,9.0,171.0
0.5,"Gradient-based attribution methods are a class of techniques used in machine learning and deep learning to understand the contribution of each input feature to the output of a model. These methods leverage the gradients (i.e., the partial derivatives) of the model's output with respect to its inputs to quantify how much each input contributes to the final prediction.

### Key Concepts

1. **Gradients**: In the context of machine learning, gradients represent the direction and rate of steepest increase of a function. For a model \( f \) that maps inputs \( x \) to outputs \( y \), the gradient of \( f \) with respect to \( x \) at a point \( x_0 \) is given by:
   \[
   \nabla_x f(x_0)
   \]
   This gradient vector points in the direction of the greatest rate of increase of \( f \) at \( x_0 \).

2. **Attribution**: Attribution refers to the process of assigning importance or credit to different features or components of an input based on their contribution to the model's",Deep Learning,0.5,13,"{'n_words': 171, 'fk_grade': 11.898308270676694, 'fk_ease': 48.433157894736866, 'jargon_rate': 0.1282051282051282, 'definition_count': 2}",plus,Gradient-Based Attribution Methods,Explain Gradient-Based Attribution Methods.,2.0,2.0,0.0,48.433157894736866,11.898308270676694,0.1282051282051282,0.0,9.0,171.0
0.5,"Gradient-based attribution methods are a class of techniques used in machine learning and deep learning to understand the contribution of each input feature to the output of a model. These methods leverage the gradients (partial derivatives) of the model's output with respect to its inputs to quantify how much each input contributes to the final prediction. Here’s a detailed explanation:

### 1. **Conceptual Overview**
- **Objective**: To determine which features or inputs are most influential in driving the model's predictions.
- **Application**: Commonly used in explaining predictions made by complex models like neural networks.

### 2. **Types of Gradient-Based Attribution Methods**

#### a. **Saliency Maps**
- **Definition**: Saliency maps highlight the regions of an input image that contribute most to the model's prediction.
- **Process**:
  - Compute the gradient of the model's output with respect to the input image.
  - Sum the gradients across all channels (for color images) or keep them as is for grayscale images.
  - Apply a normalization technique (e.g., ReLU) to ensure positive",Deep Learning,-0.5,13,"{'n_words': 167, 'fk_grade': 11.171268094962365, 'fk_ease': 40.39149392009264, 'jargon_rate': 0.15950920245398773, 'definition_count': 1}",minus,Gradient-Based Attribution Methods,Explain Gradient-Based Attribution Methods.,7.0,1.0,0.0,40.39149392009264,11.171268094962365,0.15950920245398773,0.0,13.0,167.0
1.0,"Gradient-based attribution methods are a class of techniques used in machine learning and deep learning to understand the contribution of each input feature to the output of a model. These methods leverage the gradients (slopes) of the model's output with respect to its inputs to quantify how much each input contributes to the final prediction. Here’s a detailed explanation:

### 1. **Conceptual Overview**
- **Objective**: To determine which features or inputs are most influential in driving the model's predictions.
- **Application**: Commonly used in explaining predictions made by complex models like neural networks.

### 2. **Types of Gradient-Based Attribution Methods**
- **Saliency Maps**: A simple method that computes the gradient of the output with respect to each input feature.
- **Integrated Gradients**: An extension of saliency maps that aims to provide a more accurate attribution by integrating the gradients along the path from a baseline input to the actual input.
- **Gradient Shapley Values**: Combines elements of Shapley values from game theory with gradient-based methods to provide a fair attribution of feature importance",Deep Learning,1.0,13,"{'n_words': 173, 'fk_grade': 13.898885542168674, 'fk_ease': 32.37254518072291, 'jargon_rate': 0.14705882352941177, 'definition_count': 0}",plus,Gradient-Based Attribution Methods,Explain Gradient-Based Attribution Methods.,5.0,0.0,0.0,32.37254518072291,13.898885542168674,0.14705882352941177,0.0,9.0,173.0
1.0,"Gradient-based attribution methods are a class of techniques used in machine learning and deep learning to understand the contribution of each input feature to the output of a model. These methods leverage the gradients (i.e., the partial derivatives) of the model's output with respect to its inputs to quantify how much each input contributes to the final prediction.

### Key Concepts

1. **Gradients**: In the context of machine learning, gradients represent the direction and rate of steepest increase of a function. For a model \( f \) that maps inputs \( x \) to outputs \( y \), the gradient of \( f \) with respect to \( x \) at a point \( x_0 \) is given by:
   \[
   \nabla_x f(x_0)
   \]
   This gradient vector points in the direction of the greatest rate of increase of \( f \) at \( x_0 \).

2. **Attribution**: Attribution refers to the process of assigning importance or credit to different features or components of an input based on their contribution to the model's",Deep Learning,-1.0,13,"{'n_words': 171, 'fk_grade': 11.898308270676694, 'fk_ease': 48.433157894736866, 'jargon_rate': 0.1282051282051282, 'definition_count': 2}",minus,Gradient-Based Attribution Methods,Explain Gradient-Based Attribution Methods.,2.0,2.0,0.0,48.433157894736866,11.898308270676694,0.1282051282051282,0.0,9.0,171.0
2.0,"Gradient-based attribution methods are a class of techniques used in machine learning and deep learning to understand the contribution of each input feature to the output of a model. These methods leverage the gradients (slopes) of the model's output with respect to its inputs to quantify how much each input contributes to the final prediction. Here’s a detailed explanation:

### 1. **Conceptual Overview**
- **Objective**: To determine which features or inputs are most influential in driving the model's predictions.
- **Application**: Commonly used in explaining predictions made by complex models like neural networks.

### 2. **Types of Gradient-Based Attribution Methods**
- **Gradient-Weighted Class Activation Mapping (Grad-CAM)**: This method is often used for image classification tasks. It uses the gradient of the final convolutional layer with respect to the output class to generate a heatmap that highlights important regions in the image.
- **Integrated Gradients**: This method approximates the integral of the gradients along the path from a baseline input to the actual input. It provides a more interpretable way to attribute the change in",Deep Learning,2.0,13,"{'n_words': 174, 'fk_grade': 13.112619047619049, 'fk_ease': 34.299047619047656, 'jargon_rate': 0.1676300578034682, 'definition_count': 1}",plus,Gradient-Based Attribution Methods,Explain Gradient-Based Attribution Methods.,4.0,1.0,0.0,34.299047619047656,13.112619047619049,0.1676300578034682,0.0,10.0,174.0
2.0,"Gradient-based attribution methods are a class of techniques used in machine learning and deep learning to understand the contribution of each input feature to the output of a model. These methods leverage the gradients (partial derivatives) of the model's output with respect to its inputs to quantify how much each input contributes to the final prediction. Here’s a detailed explanation:

### 1. **Basic Concept**
   - **Gradients**: In calculus, the gradient of a function at a point is a vector that points in the direction of the steepest increase of the function. For a model \( f \) with input \( x \), the gradient \( \nabla_x f(x) \) indicates how sensitive the output is to changes in the input.
   - **Attribution**: By analyzing these gradients, we can attribute the change in the model's output to specific input features.

### 2. **Types of Gradient-Based Attribution Methods**

#### **a. Integrated Gradients**
   - **Concept**: Integrated Gradients approximate the integral of the gradients along the path from a baseline input to the actual input",Deep Learning,-2.0,13,"{'n_words': 170, 'fk_grade': 12.725158227848102, 'fk_ease': 39.00647151898738, 'jargon_rate': 0.147239263803681, 'definition_count': 2}",minus,Gradient-Based Attribution Methods,Explain Gradient-Based Attribution Methods.,3.0,2.0,0.0,39.00647151898738,12.725158227848102,0.147239263803681,0.0,9.0,170.0
0.0,"Interpretable Reinforcement Learning (IRL) is an approach in the field of machine learning that focuses on creating models and algorithms which not only learn optimal policies for decision-making tasks but also provide clear and understandable explanations for their decisions and actions. This is particularly important in applications where transparency and accountability are crucial, such as healthcare, finance, and autonomous systems.

### Key Components of IRL

1. **Reinforcement Learning (RL)**: RL is a type of machine learning where an agent learns to make decisions by performing actions in an environment to maximize some notion of cumulative reward. The goal is to find a policy that maps states to actions to achieve the highest possible reward.

2. **Interpretability**: In the context of IRL, interpretability refers to the ability to understand and explain the decision-making process of the model. This involves making the internal workings of the model transparent so that humans can comprehend why certain decisions were made.

### Challenges in IRL

- **Complexity of Models**: Many state-of-the-art RL models, especially those using deep neural networks, can be",Artificial Intelligence,,14,"{'n_words': 176, 'fk_grade': 14.602131502890174, 'fk_ease': 28.889093208092504, 'jargon_rate': 0.19886363636363635, 'definition_count': 5}",none,Interpretable Reinforcement Learning,Explain Interpretable Reinforcement Learning.,3.0,5.0,0.0,28.889093208092504,14.602131502890174,0.19886363636363635,0.0,9.0,176.0
0.5,"Interpretable Reinforcement Learning (IRL) is an approach in the field of machine learning that focuses on creating models and algorithms which not only learn optimal policies for decision-making tasks but also provide clear and understandable explanations for their decisions and actions. This is particularly important in applications where transparency and accountability are crucial, such as healthcare, finance, and autonomous systems.

### Key Components of IRL

1. **Reinforcement Learning (RL)**: RL is a type of machine learning where an agent learns to make decisions by performing actions in an environment to maximize some notion of cumulative reward. The goal is to find a policy that maps states to actions to achieve the highest possible reward.

2. **Interpretability**: In the context of IRL, interpretability refers to the ability to understand and explain the decision-making process of the model. This involves making the internal workings of the model transparent so that humans can comprehend why certain decisions were made.

### Challenges in IRL

- **Complexity of Models**: Many state-of-the-art RL models, especially those using deep neural networks, can be",Artificial Intelligence,0.5,14,"{'n_words': 176, 'fk_grade': 14.602131502890174, 'fk_ease': 28.889093208092504, 'jargon_rate': 0.19886363636363635, 'definition_count': 5}",plus,Interpretable Reinforcement Learning,Explain Interpretable Reinforcement Learning.,3.0,5.0,0.0,28.889093208092504,14.602131502890174,0.19886363636363635,0.0,9.0,176.0
0.5,"Interpretable Reinforcement Learning (IRL) is an approach in the field of machine learning that focuses on creating models and algorithms which not only learn optimal policies for decision-making tasks but also provide clear and understandable explanations for their decisions and actions. This is particularly important in applications where transparency and accountability are crucial, such as healthcare, finance, and autonomous systems.

### Key Components of IRL

1. **Reinforcement Learning (RL)**: RL is a type of machine learning where an agent learns to make decisions by performing actions in an environment to maximize some notion of cumulative reward. The goal is to find a policy that maps states to actions to achieve the highest possible reward.

2. **Interpretability**: In the context of IRL, interpretability refers to the ability to understand, explain, and trust the decisions made by the model. This involves providing insights into why certain actions were chosen over others, how the model evaluates different states, and what factors influence its decision-making process.

### Challenges in IRL

- **Complexity of Models**: Many RL models, especially those using",Artificial Intelligence,-0.5,14,"{'n_words': 176, 'fk_grade': 14.738547687861274, 'fk_ease': 27.911058526011573, 'jargon_rate': 0.2138728323699422, 'definition_count': 5}",minus,Interpretable Reinforcement Learning,Explain Interpretable Reinforcement Learning.,3.0,5.0,0.0,27.911058526011573,14.738547687861274,0.2138728323699422,0.0,9.0,176.0
1.0,"Interpretable Reinforcement Learning (IRL) is an approach in the field of machine learning that focuses on creating models and algorithms which not only learn optimal policies for decision-making tasks but also provide clear and understandable explanations for their decisions and actions. This is particularly important in applications where transparency and accountability are crucial, such as healthcare, finance, and autonomous systems.

### Key Components of IRL

1. **Reinforcement Learning (RL)**: RL is a type of machine learning where an agent learns to make decisions by performing actions in an environment to maximize some notion of cumulative reward. The goal is to find a policy that maps states to actions to achieve the highest possible reward.

2. **Interpretability**: In the context of IRL, interpretability refers to the ability to understand and explain the decision-making process of the model. This involves making the internal workings of the model transparent so that humans can comprehend why certain decisions were made.

### Challenges in IRL

- **Complexity of Models**: Many state-of-the-art RL models, especially those using deep neural networks, can be",Artificial Intelligence,1.0,14,"{'n_words': 176, 'fk_grade': 14.602131502890174, 'fk_ease': 28.889093208092504, 'jargon_rate': 0.19886363636363635, 'definition_count': 5}",plus,Interpretable Reinforcement Learning,Explain Interpretable Reinforcement Learning.,3.0,5.0,0.0,28.889093208092504,14.602131502890174,0.19886363636363635,0.0,9.0,176.0
1.0,"Interpretable Reinforcement Learning (IRL) is an approach in the field of machine learning that focuses on creating models and algorithms which not only learn optimal policies for decision-making tasks but also provide clear and understandable explanations for their decisions and actions. This is particularly important in applications where transparency and accountability are crucial, such as healthcare, finance, and autonomous systems.

### Key Components of IRL

1. **Reinforcement Learning (RL)**: RL is a type of machine learning where an agent learns to make decisions by performing actions in an environment to maximize some notion of cumulative reward. The goal is to find a policy that maps states to actions to achieve the highest possible reward.

2. **Interpretability**: In the context of IRL, interpretability refers to the ability to understand, explain, and trust the decisions made by the model. This involves providing insights into why certain actions were chosen over others, how the model evaluates different states, and what factors influence its decision-making process.

### Challenges in IRL

- **Complexity of Models**: Many state-of-the-art RL models",Artificial Intelligence,-1.0,14,"{'n_words': 174, 'fk_grade': 14.759115497076024, 'fk_ease': 27.318322368421065, 'jargon_rate': 0.20689655172413793, 'definition_count': 5}",minus,Interpretable Reinforcement Learning,Explain Interpretable Reinforcement Learning.,3.0,5.0,0.0,27.318322368421065,14.759115497076024,0.20689655172413793,0.0,9.0,174.0
2.0,"Interpretable Reinforcement Learning (IRL) is an approach in the field of machine learning that focuses on creating models and algorithms which not only learn optimal policies for decision-making tasks but also provide clear and understandable explanations for their decisions and actions. This is particularly important in applications where transparency and accountability are crucial, such as healthcare, finance, and autonomous systems.

### Key Components of IRL

1. **Reinforcement Learning (RL)**: RL is a type of machine learning where an agent learns to make decisions by performing actions in an environment to maximize some notion of cumulative reward. The goal is to find a policy that maps states to actions to achieve the highest possible expected reward.

2. **Interpretability**: In the context of IRL, interpretability refers to the ability to understand, explain, and trust the decisions made by the model. This involves providing insights into why certain actions were chosen over others, how the model evaluates different states, and what factors influence its decision-making process.

### Challenges in IRL

- **Complexity of Models**: Many RL models, especially those",Artificial Intelligence,2.0,14,"{'n_words': 176, 'fk_grade': 14.806755780346823, 'fk_ease': 27.422041184971107, 'jargon_rate': 0.2138728323699422, 'definition_count': 5}",plus,Interpretable Reinforcement Learning,Explain Interpretable Reinforcement Learning.,3.0,5.0,0.0,27.422041184971107,14.806755780346823,0.2138728323699422,0.0,9.0,176.0
2.0,"Interpretable Reinforcement Learning (IRL) is an approach in the field of machine learning that focuses on creating models and algorithms which not only learn optimal policies for decision-making tasks but also provide clear and understandable explanations for their decisions and actions. This is particularly important in applications where transparency and accountability are crucial, such as healthcare, finance, and autonomous systems.

### Key Components of IRL

1. **Reinforcement Learning (RL)**: RL is a type of machine learning where an agent learns to make decisions by performing actions in an environment to maximize some notion of cumulative reward. The goal is to find a policy that maps states to actions to achieve the highest possible reward.

2. **Interpretability**: In the context of IRL, interpretability refers to the ability to understand and explain the decision-making process of the model. This involves making the internal workings of the model transparent so that humans can comprehend why certain decisions were made.

### Challenges in IRL

- **Complexity of Models**: Many state-of-the-art RL models, especially those using deep neural networks, can be",Artificial Intelligence,-2.0,14,"{'n_words': 176, 'fk_grade': 14.602131502890174, 'fk_ease': 28.889093208092504, 'jargon_rate': 0.19886363636363635, 'definition_count': 5}",minus,Interpretable Reinforcement Learning,Explain Interpretable Reinforcement Learning.,3.0,5.0,0.0,28.889093208092504,14.602131502890174,0.19886363636363635,0.0,9.0,176.0
0.0,"Concept Activation Vectors (CAVs) are a method used in natural language processing (NLP) to identify and manipulate specific concepts within text data. They are particularly useful for understanding and controlling the semantics of text representations in deep learning models, such as those based on transformers.

### Key Concepts

1. **Deep Learning Models**: CAVs are often applied to deep learning models like BERT, RoBERTa, or other transformer-based architectures that process text data.

2. **Semantic Understanding**: The goal of CAVs is to enable researchers and practitioners to understand and control the semantic meaning of words and phrases in these models. This is crucial for tasks like text generation, sentiment analysis, and more.

3. **Activation Vectors**: In the context of neural networks, an activation vector refers to the output of a neuron or a set of neurons after they have been activated by input data. For transformer models, this can be thought of as the hidden state or representation of a word or phrase.

4. **Concepts**: A concept in NLP can refer to a specific idea, object",Computer Vision,,15,"{'n_words': 174, 'fk_grade': 12.232678227360307, 'fk_ease': 41.597276814386674, 'jargon_rate': 0.14705882352941177, 'definition_count': 3}",none,Concept Activation Vectors (CAVs),Explain Concept Activation Vectors (CAVs).,4.0,3.0,0.0,41.597276814386674,12.232678227360307,0.14705882352941177,0.0,12.0,174.0
0.5,"Concept Activation Vectors (CAVs) are a method used in natural language processing (NLP) to identify and manipulate specific concepts within text data. They are particularly useful for understanding and controlling the representation of semantic concepts in deep learning models, such as those based on word embeddings or neural networks.

### Key Concepts

1. **Semantic Concepts**: These are abstract ideas or entities that can be represented in text, such as ""dog,"" ""love,"" ""peace,"" etc.
2. **Word Embeddings**: These are vector representations of words where each word is mapped to a point in a high-dimensional space. Words with similar meanings are closer together in this space.
3. **Deep Learning Models**: Models like transformers, recurrent neural networks (RNNs), and others that process text data.

### How CAVs Work

1. **Identification of Concepts**: CAVs aim to find vectors that activate specific concepts in a model's hidden layers. For example, if you want to understand how the concept of ""dog"" is represented in a model, you would look for a vector that,",Computer Vision,0.5,15,"{'n_words': 167, 'fk_grade': 10.797727272727276, 'fk_ease': 47.03659090909093, 'jargon_rate': 0.11042944785276074, 'definition_count': 2}",plus,Concept Activation Vectors (CAVs),Explain Concept Activation Vectors (CAVs).,4.0,2.0,1.0,47.03659090909093,10.797727272727276,0.11042944785276074,0.0,12.0,167.0
0.5,"Concept Activation Vectors (CAVs) are a method used in natural language processing (NLP) to represent and manipulate concepts within text data. They are particularly useful for tasks such as concept-level reasoning, where the goal is to understand and manipulate specific aspects or concepts within a sentence or document.

### Key Concepts

1. **Concepts**: In the context of CAVs, a concept refers to a meaningful unit of information that can be extracted from text. This could be a named entity (e.g., ""Apple Inc.""), a general noun (e.g., ""fruit""), or any other semantic unit that carries meaning.

2. **Activation Vectors**: These are high-dimensional vectors that capture the presence or absence of a particular concept in a given piece of text. Each vector corresponds to a specific concept and is activated when that concept appears in the text.

3. **Representation Learning**: CAVs are learned through a process of representation learning, where the model is trained on large amounts of text data to identify and represent concepts effectively.

### How CAVs Work

1. **Training",Computer Vision,-0.5,15,"{'n_words': 170, 'fk_grade': 10.454458874458876, 'fk_ease': 47.311753246753284, 'jargon_rate': 0.125, 'definition_count': 4}",minus,Concept Activation Vectors (CAVs),Explain Concept Activation Vectors (CAVs).,4.0,4.0,0.0,47.311753246753284,10.454458874458876,0.125,0.0,17.0,170.0
1.0,"Concept Activation Vectors (CAVs) are a method used in natural language processing (NLP) to represent and manipulate concepts within text data. They are particularly useful for tasks such as concept-level reasoning, where the goal is to understand and manipulate specific aspects or concepts within a sentence or document.

### Key Concepts

1. **Concepts**: In the context of CAVs, a concept refers to a meaningful unit of information that can be extracted from text. This could be a noun, a phrase, or any other semantic unit that carries meaning.

2. **Activation Vectors**: These are high-dimensional vectors that capture the presence and importance of a concept in a given piece of text. Each vector corresponds to a specific concept and is activated when that concept appears in the text.

3. **Representation Learning**: CAVs are learned through representation learning techniques, which means they are derived from the data itself rather than being predefined. This allows them to capture complex relationships and nuances in the text.

### How CAVs Work

1. **Embedding Layer**: The first step involves converting words",Computer Vision,1.0,15,"{'n_words': 175, 'fk_grade': 10.460399369416713, 'fk_ease': 48.07875459800317, 'jargon_rate': 0.14035087719298245, 'definition_count': 4}",plus,Concept Activation Vectors (CAVs),Explain Concept Activation Vectors (CAVs).,4.0,4.0,0.0,48.07875459800317,10.460399369416713,0.14035087719298245,0.0,13.0,175.0
1.0,"Concept Activation Vectors (CAVs) are a method used in natural language processing (NLP) to represent and manipulate concepts within text data. They are particularly useful for tasks such as concept-level reasoning, where the goal is to understand and manipulate specific aspects or concepts within a sentence or document.

### Key Concepts

1. **Concepts**: In the context of CAVs, a concept refers to a meaningful unit of information that can be extracted from text. This could be a noun, a phrase, or any other semantic unit that carries meaning.

2. **Activation Vectors**: These are high-dimensional vectors that capture the presence or absence of a particular concept in a piece of text. Each vector corresponds to a specific concept and is activated when that concept appears in the text.

3. **Representation Learning**: CAVs are learned through a process of representation learning, where the model is trained on large amounts of text data to identify and represent concepts effectively.

### How CAVs Work

1. **Training Phase**:
   - The model is trained on a large corpus of text.
",Computer Vision,-1.0,15,"{'n_words': 174, 'fk_grade': 10.745666666666668, 'fk_ease': 48.4785, 'jargon_rate': 0.1242603550295858, 'definition_count': 5}",minus,Concept Activation Vectors (CAVs),Explain Concept Activation Vectors (CAVs).,5.0,5.0,0.0,48.4785,10.745666666666668,0.1242603550295858,0.0,12.0,174.0
2.0,"Concept Activation Vectors (CAVs) are a method used in natural language processing (NLP) to identify and manipulate specific concepts within text data. They are particularly useful for understanding and controlling the representation of semantic concepts in deep learning models, such as those based on word embeddings or neural networks.

### Key Concepts

1. **Semantic Concepts**: These are abstract ideas or entities that can be represented in text, such as ""dog,"" ""love,"" ""peace,"" etc.
2. **Word Embeddings**: These are vector representations of words where each word is mapped to a point in a high-dimensional space. Words with similar meanings are closer together in this space.
3. **Deep Learning Models**: Models like transformers, recurrent neural networks (RNNs), and others that process text data.

### How CAVs Work

1. **Identification of Concepts**: CAVs aim to find vectors that activate specific concepts in a model's hidden layers. For example, if you want to understand how the concept of ""dog"" is represented in a model, you would look for a vector that,",Computer Vision,2.0,15,"{'n_words': 167, 'fk_grade': 10.797727272727276, 'fk_ease': 47.03659090909093, 'jargon_rate': 0.11042944785276074, 'definition_count': 2}",plus,Concept Activation Vectors (CAVs),Explain Concept Activation Vectors (CAVs).,4.0,2.0,1.0,47.03659090909093,10.797727272727276,0.11042944785276074,0.0,12.0,167.0
2.0,"Concept Activation Vectors (CAVs) are a method used in natural language processing (NLP) to represent and manipulate concepts within text data. They are particularly useful for tasks that involve understanding the meaning of words or phrases beyond their literal definitions, such as sentiment analysis, topic modeling, and semantic similarity.

### Key Concepts

1. **Concepts**: In the context of CAVs, a concept is a meaningful unit of information that can be represented in text. This could be a word, a phrase, or even a more abstract idea.

2. **Activation Vectors**: These are high-dimensional vectors that capture the activation level of a particular concept in a given piece of text. The vector space is typically learned from large corpora of text, where each dimension corresponds to a different concept.

3. **Latent Semantic Analysis (LSA)**: CAVs are often derived using techniques like Latent Semantic Analysis, which aims to capture the underlying semantic relationships between words and documents.

### How CAVs Work

1. **Text Representation**: First, a document or a set of",Computer Vision,-2.0,15,"{'n_words': 168, 'fk_grade': 12.067132530120482, 'fk_ease': 38.113710843373525, 'jargon_rate': 0.1656441717791411, 'definition_count': 2}",minus,Concept Activation Vectors (CAVs),Explain Concept Activation Vectors (CAVs).,4.0,2.0,0.0,38.113710843373525,12.067132530120482,0.1656441717791411,0.0,12.0,168.0
0.0,"Explainability in federated learning refers to the ability to understand and interpret the decision-making process of machine learning models that are trained across multiple decentralized devices or servers holding local data samples, without exchanging the raw data itself. Federated learning is particularly useful in scenarios where data privacy is a concern, such as healthcare, finance, and consumer electronics.

### Key Aspects of Explainability in Federated Learning

1. **Local Model Updates**:
   - In federated learning, each device trains a local model using its own data. The local updates are then aggregated to form a global model. This decentralized nature can make it challenging to understand how the final model makes decisions since the training process involves multiple steps and devices.

2. **Aggregation Mechanisms**:
   - The aggregation of local models (e.g., averaging gradients) can introduce complexity. Understanding how these aggregated updates contribute to the final model's behavior is crucial for explainability.

3. **Data Heterogeneity**:
   - Different devices may have different data distributions, leading to diverse local models. This heterogeneity can affect the",Distributed Systems,,16,"{'n_words': 170, 'fk_grade': 14.748466593647318, 'fk_ease': 16.20206462212488, 'jargon_rate': 0.21084337349397592, 'definition_count': 4}",none,Explainability in Federated Learning,Explain Explainability in Federated Learning.,6.0,4.0,0.0,16.20206462212488,14.748466593647318,0.21084337349397592,0.0,14.0,170.0
0.5,"Explainability in federated learning refers to the ability to understand and interpret the decision-making process of machine learning models that are trained across multiple decentralized devices or servers holding local data samples, without exchanging the raw data itself. Federated learning is particularly useful in scenarios where data privacy is a concern, such as healthcare, finance, and consumer electronics.

### Key Aspects of Explainability in Federated Learning

1. **Local Model Interpretation**:
   - Since the training process occurs on local devices, each device can generate an interpretable model. Techniques like Local Interpretable Model-agnostic Explanations (LIME) can be applied locally to explain the predictions made by the model on that specific device.
   - This allows for understanding how the model makes decisions based on the local data it has seen.

2. **Global Model Aggregation**:
   - When aggregating models from different devices to form a global model, the explainability challenge becomes more complex. The aggregated model may not be directly interpretable due to the distributed nature of its training.
   - Techniques such as model dist",Distributed Systems,0.5,16,"{'n_words': 171, 'fk_grade': 14.634658634538152, 'fk_ease': 22.990997322623855, 'jargon_rate': 0.18674698795180722, 'definition_count': 3}",plus,Explainability in Federated Learning,Explain Explainability in Federated Learning.,6.0,3.0,0.0,22.990997322623855,14.634658634538152,0.18674698795180722,0.0,10.0,171.0
0.5,"Explainability in federated learning refers to the ability to understand and interpret the decision-making process of machine learning models that are trained across multiple decentralized devices or servers holding local data samples, without exchanging the raw data itself. Federated learning is particularly useful in scenarios where data privacy is a concern, such as healthcare, finance, and consumer electronics.

### Key Aspects of Explainability in Federated Learning

1. **Local Model Updates**:
   - In federated learning, each device trains a local model using its own data. The local updates are then aggregated to form a global model. This decentralized nature can make it challenging to understand how the final model makes decisions since the training process involves multiple steps and devices.

2. **Aggregation Mechanisms**:
   - The aggregation of local models (e.g., averaging gradients) can introduce complexity. Understanding how these aggregated updates contribute to the final model's behavior is crucial for explainability.

3. **Data Heterogeneity**:
   - Different devices may have different data distributions, leading to diverse local models. This heterogeneity can affect the",Distributed Systems,-0.5,16,"{'n_words': 170, 'fk_grade': 14.748466593647318, 'fk_ease': 16.20206462212488, 'jargon_rate': 0.21084337349397592, 'definition_count': 4}",minus,Explainability in Federated Learning,Explain Explainability in Federated Learning.,6.0,4.0,0.0,16.20206462212488,14.748466593647318,0.21084337349397592,0.0,14.0,170.0
1.0,"Explainability in federated learning refers to the ability to understand and interpret the decision-making process of machine learning models that are trained across multiple decentralized devices or servers holding local data samples, without exchanging the raw data itself. Federated learning is particularly useful in scenarios where data privacy is a concern, such as healthcare, finance, and consumer electronics.

### Key Aspects of Explainability in Federated Learning

1. **Local Model Interpretation**:
   - Since the training process occurs on local devices, each device can generate an interpretable model. Techniques like local SHAP (SHapley Additive exPlanations) or LIME (Local Interpretable Model-agnostic Explanations) can be applied to explain the decisions made by the local models.
   - These methods help in understanding which features contribute most to the predictions made by the local model.

2. **Global Model Aggregation**:
   - When aggregating local models to form a global model, it becomes challenging to maintain explainability. However, techniques like Federated Averaging with Local Explanations (FALE",Distributed Systems,1.0,16,"{'n_words': 158, 'fk_grade': 15.823993506493505, 'fk_ease': 15.898847402597454, 'jargon_rate': 0.22077922077922077, 'definition_count': 3}",plus,Explainability in Federated Learning,Explain Explainability in Federated Learning.,5.0,3.0,0.0,15.898847402597454,15.823993506493505,0.22077922077922077,0.0,9.0,158.0
1.0,"Explainability in federated learning refers to the ability to understand and interpret the decision-making process of machine learning models that are trained across multiple decentralized devices or servers holding local data samples, without exchanging the raw data itself. Federated learning is particularly useful in scenarios where data privacy is a concern, such as healthcare, finance, and consumer electronics.

### Key Aspects of Explainability in Federated Learning

1. **Local Model Updates**:
   - In federated learning, each device trains a local model using its own data. The local updates are then aggregated to form a global model. This decentralized nature can make it challenging to understand how the final model makes decisions since the training process involves multiple steps and devices.

2. **Aggregation Mechanisms**:
   - The aggregation of local models (e.g., averaging gradients) can introduce complexity. Understanding how these aggregated updates contribute to the final model's behavior is crucial for explainability.

3. **Data Heterogeneity**:
   - Different devices may have different data distributions, leading to diverse local models. This heterogeneity can affect the",Distributed Systems,-1.0,16,"{'n_words': 170, 'fk_grade': 14.748466593647318, 'fk_ease': 16.20206462212488, 'jargon_rate': 0.21084337349397592, 'definition_count': 4}",minus,Explainability in Federated Learning,Explain Explainability in Federated Learning.,6.0,4.0,0.0,16.20206462212488,14.748466593647318,0.21084337349397592,0.0,14.0,170.0
2.0,"Explainability in federated learning refers to the ability to understand and interpret the decision-making process of machine learning models that are trained across multiple decentralized devices or servers holding local data samples, without exchanging the raw data itself. Federated learning is particularly useful in scenarios where data privacy is a concern, such as healthcare, finance, and consumer electronics.

### Key Aspects of Explainability in Federated Learning

1. **Local Model Interpretation**:
   - Since the training process occurs on local devices, each device can generate an interpretable model. Techniques like Local Interpretable Model-agnostic Explanations (LIME) can be applied locally to explain the predictions made by the model on that specific device.
   - This allows for understanding how the model makes decisions based on the local data it has seen.

2. **Global Model Aggregation**:
   - When aggregating models from different devices to form a global model, the explainability challenge increases because the aggregated model may not have a clear structure or decision path that can be easily understood.
   - Techniques such as model distillation can",Distributed Systems,2.0,16,"{'n_words': 172, 'fk_grade': 15.656639221556887, 'fk_ease': 19.992982784431177, 'jargon_rate': 0.19760479041916168, 'definition_count': 3}",plus,Explainability in Federated Learning,Explain Explainability in Federated Learning.,6.0,3.0,0.0,19.992982784431177,15.656639221556887,0.19760479041916168,0.0,9.0,172.0
2.0,"Explainability in federated learning refers to the ability to understand and interpret the decision-making process of machine learning models that are trained across multiple decentralized devices or servers holding local data samples, without exchanging the raw data itself. Federated learning is particularly useful in scenarios where data privacy is a concern, such as healthcare, finance, and consumer electronics.

### Key Aspects of Explainability in Federated Learning

1. **Local Model Updates**:
   - In federated learning, each device trains a local model using its own data. The local updates are then aggregated to form a global model. This decentralized nature can make it challenging to understand how the final model makes decisions since the training process involves multiple steps and devices.

2. **Aggregation Mechanisms**:
   - The aggregation of local models (e.g., averaging gradients) can introduce complexity. Understanding how these aggregated updates contribute to the final model's behavior is crucial for explainability.

3. **Data Heterogeneity**:
   - Different devices may have different data distributions, leading to diverse local models. This heterogeneity can affect the",Distributed Systems,-2.0,16,"{'n_words': 170, 'fk_grade': 14.748466593647318, 'fk_ease': 16.20206462212488, 'jargon_rate': 0.21084337349397592, 'definition_count': 4}",minus,Explainability in Federated Learning,Explain Explainability in Federated Learning.,6.0,4.0,0.0,16.20206462212488,14.748466593647318,0.21084337349397592,0.0,14.0,170.0
0.0,"Knowledge distillation is a technique used in machine learning to transfer the knowledge from a complex model (often called the ""teacher"" model) to a simpler model (the ""student"" model). This process can be particularly useful for improving the efficiency and interpretability of models, especially in scenarios where computational resources are limited or where models need to be deployed on devices with constrained hardware.

### How Knowledge Distillation Works

1. **Teacher Model**: The teacher model is typically a large, complex model that has been trained on a large dataset. It is often an ensemble of models or a deep neural network with many layers.

2. **Student Model**: The student model is a smaller, simpler model that aims to mimic the behavior of the teacher model but with fewer parameters and computational requirements.

3. **Training Process**:
   - The teacher model is first trained on a large dataset.
   - During the training of the student model, it not only learns from the labels provided by the ground truth but also from the predictions made by the teacher model.
   - The student model is trained to predict both the",Machine Learning,,17,"{'n_words': 185, 'fk_grade': 11.680957642725602, 'fk_ease': 47.13603437691836, 'jargon_rate': 0.11235955056179775, 'definition_count': 6}",none,Knowledge Distillation for Model Interpretability,Explain Knowledge Distillation for Model Interpretability.,6.0,6.0,0.0,47.13603437691836,11.680957642725602,0.11235955056179775,0.0,11.0,185.0
0.5,"Knowledge distillation is a technique used in machine learning to transfer the knowledge from a complex model (often called the ""teacher"" model) to a simpler model (the ""student"" model). This process can be particularly useful for improving the efficiency and interpretability of models, especially in scenarios where computational resources are limited or where models need to be deployed on devices with constrained hardware.

### How Knowledge Distillation Works

1. **Teacher Model**: The teacher model is typically a large, complex model that has been trained on a large dataset. It is often an ensemble of models or a deep neural network with many layers.

2. **Student Model**: The student model is a smaller, simpler model that aims to mimic the behavior of the teacher model but with fewer parameters and computational requirements.

3. **Training Process**:
   - The teacher model is first trained on a large dataset.
   - During the training of the student model, it not only learns from the ground-truth labels (like in traditional supervised learning) but also from the predictions made by the teacher model.
   - The student model is",Machine Learning,0.5,17,"{'n_words': 181, 'fk_grade': 11.880000000000003, 'fk_ease': 44.91740112994353, 'jargon_rate': 0.12571428571428572, 'definition_count': 6}",plus,Knowledge Distillation for Model Interpretability,Explain Knowledge Distillation for Model Interpretability.,6.0,6.0,0.0,44.91740112994353,11.880000000000003,0.12571428571428572,0.0,11.0,181.0
0.5,"Knowledge distillation is a technique used in machine learning to transfer the knowledge from a complex model (often called the ""teacher"" model) to a simpler model (the ""student"" model). This process can be particularly useful for improving the efficiency and interpretability of models, especially in scenarios where computational resources are limited or where models need to be deployed on devices with constrained hardware.

### How Knowledge Distillation Works

1. **Teacher Model**: The teacher model is typically a large, complex model that has been trained on a large dataset. It is often an ensemble of models or a deep neural network with many layers.

2. **Student Model**: The student model is a smaller, simpler model that aims to mimic the behavior of the teacher model but with fewer parameters and computational requirements.

3. **Training Process**:
   - The teacher model is first trained on a large dataset.
   - During the training of the student model, it not only learns from the labels provided by the ground truth but also from the predictions made by the teacher model.
   - The student model is trained to predict both the",Machine Learning,-0.5,17,"{'n_words': 185, 'fk_grade': 11.680957642725602, 'fk_ease': 47.13603437691836, 'jargon_rate': 0.11235955056179775, 'definition_count': 6}",minus,Knowledge Distillation for Model Interpretability,Explain Knowledge Distillation for Model Interpretability.,6.0,6.0,0.0,47.13603437691836,11.680957642725602,0.11235955056179775,0.0,11.0,185.0
1.0,"Knowledge distillation is a technique used in machine learning to transfer the knowledge from a complex model (often called the ""teacher"" model) to a simpler model (the ""student"" model). This process can be particularly useful for improving the efficiency and interpretability of models, especially in scenarios where computational resources are limited or where models need to be deployed on devices with constrained hardware.

### How Knowledge Distillation Works

1. **Teacher Model**: The teacher model is typically a large, complex model that has been trained on a large dataset. It is often an ensemble of models or a deep neural network with many layers.

2. **Student Model**: The student model is a smaller, simpler model that aims to mimic the behavior of the teacher model but with fewer parameters and computational requirements.

3. **Training Process**:
   - The teacher model is first trained on a large dataset.
   - During the training of the student model, it not only learns from the labels provided by the ground truth but also from the predictions made by the teacher model.
   - The student model is trained to predict both the",Machine Learning,1.0,17,"{'n_words': 185, 'fk_grade': 11.680957642725602, 'fk_ease': 47.13603437691836, 'jargon_rate': 0.11235955056179775, 'definition_count': 6}",plus,Knowledge Distillation for Model Interpretability,Explain Knowledge Distillation for Model Interpretability.,6.0,6.0,0.0,47.13603437691836,11.680957642725602,0.11235955056179775,0.0,11.0,185.0
1.0,"Knowledge distillation is a technique used in machine learning to transfer the knowledge from a complex model (often called the ""teacher"" model) to a simpler model (the ""student"" model). This process can be particularly useful for improving the efficiency and interpretability of models, especially in scenarios where computational resources are limited or where models need to be deployed on devices with constrained hardware.

### How Knowledge Distillation Works

1. **Teacher Model**: The teacher model is typically a large, complex model that has been trained on a large dataset. It is often an ensemble of models or a deep neural network with many layers.

2. **Student Model**: The student model is a smaller, simpler model that aims to mimic the behavior of the teacher model but with fewer parameters and computational requirements.

3. **Training Process**:
   - The teacher model is first trained on a large dataset.
   - During the training of the student model, it not only learns from the labels provided by the ground truth but also from the predictions made by the teacher model.
   - The student model is trained to predict both the",Machine Learning,-1.0,17,"{'n_words': 185, 'fk_grade': 11.680957642725602, 'fk_ease': 47.13603437691836, 'jargon_rate': 0.11235955056179775, 'definition_count': 6}",minus,Knowledge Distillation for Model Interpretability,Explain Knowledge Distillation for Model Interpretability.,6.0,6.0,0.0,47.13603437691836,11.680957642725602,0.11235955056179775,0.0,11.0,185.0
2.0,"Knowledge distillation is a technique used in machine learning to transfer the knowledge from a complex model (often referred to as the ""teacher"" model) to a simpler model (the ""student"" model). This process can be particularly useful for improving the efficiency and interpretability of models, especially in scenarios where computational resources are limited or where models need to be deployed on devices with constrained hardware.

### How Knowledge Distillation Works

1. **Teacher Model**: The teacher model is typically a large, complex model that has been trained on a large dataset. It is often an ensemble of models or a deep neural network with many layers.

2. **Student Model**: The student model is a smaller, simpler model that aims to mimic the behavior of the teacher model but with fewer parameters and computational requirements.

3. **Training Process**:
   - The teacher model is first trained on a large dataset.
   - During the training of the student model, it not only learns from the ground-truth labels (like in traditional supervised learning) but also from the predictions made by the teacher model.
   - The student",Machine Learning,2.0,17,"{'n_words': 181, 'fk_grade': 12.838750000000001, 'fk_ease': 42.422192796610204, 'jargon_rate': 0.12571428571428572, 'definition_count': 5}",plus,Knowledge Distillation for Model Interpretability,Explain Knowledge Distillation for Model Interpretability.,6.0,5.0,0.0,42.422192796610204,12.838750000000001,0.12571428571428572,0.0,11.0,181.0
2.0,"Knowledge distillation is a technique used in machine learning to transfer the knowledge from a complex model (often called the ""teacher"" model) to a simpler model (the ""student"" model). This process can be particularly useful for improving the efficiency and interpretability of models, especially in scenarios where computational resources are limited or where models need to be deployed on devices with constrained hardware.

### How Knowledge Distillation Works

1. **Teacher Model**: The teacher model is typically a large, complex model that has been trained on a large dataset. It is often an ensemble of models or a deep neural network with many layers.

2. **Student Model**: The student model is a smaller, simpler model that aims to mimic the behavior of the teacher model but with fewer parameters and computational requirements.

3. **Training Process**:
   - The teacher model is first trained on a large dataset.
   - During the training of the student model, it not only learns from the labels provided by the ground truth but also from the predictions made by the teacher model.
   - The student model is trained to predict both the",Machine Learning,-2.0,17,"{'n_words': 185, 'fk_grade': 11.680957642725602, 'fk_ease': 47.13603437691836, 'jargon_rate': 0.11235955056179775, 'definition_count': 6}",minus,Knowledge Distillation for Model Interpretability,Explain Knowledge Distillation for Model Interpretability.,6.0,6.0,0.0,47.13603437691836,11.680957642725602,0.11235955056179775,0.0,11.0,185.0
0.0,"Interactive tools for deep learning model interpretation are designed to help users understand the decision-making process of complex models, particularly those used in deep learning. These tools provide visual and interactive interfaces that allow users to explore how different features or inputs influence the model's predictions. Here’s an overview of some key aspects and types of these tools:

### 1. **Feature Importance Visualization**
   - **Partial Dependence Plots (PDPs):** These plots show the marginal effect one or two features have on the predicted outcome of a machine learning model. They can be used to understand how changes in feature values affect the model's output.
   - **Permutation Feature Importance:** This method measures the decrease in a model score when a single feature value is randomly shuffled. It helps identify which features are most important for the model's predictions.

### 2. **Local Explanations**
   - **LIME (Local Interpretable Model-agnostic Explanations):** LIME provides explanations for individual predictions by approximating the behavior of the original model with a simpler, interpretable model around the prediction",Software Engineering,,18,"{'n_words': 168, 'fk_grade': 14.508397239263804, 'fk_ease': 27.33474309815952, 'jargon_rate': 0.17365269461077845, 'definition_count': 1}",none,Interactive Tools for Deep Learning Model Interpretation,Explain Interactive Tools for Deep Learning Model Interpretation.,3.0,1.0,0.0,27.33474309815952,14.508397239263804,0.17365269461077845,0.0,9.0,168.0
0.5,"Interactive tools for deep learning model interpretation are designed to help users understand how a deep learning model makes its predictions or decisions. These tools provide visual and interactive interfaces that allow users to explore the model's behavior in detail, often by manipulating input data or observing changes in model outputs. Here’s an overview of some key aspects and types of interactive tools used in deep learning model interpretation:

### 1. **Feature Importance Visualization**
   - **Tools**: SHAP (SHapley Additive exPlanations), LIME (Local Interpretable Model-agnostic Explanations)
   - **Description**: These tools help identify which features are most important for a given prediction. They can show how each feature contributes to the final output, providing insights into the model's decision-making process.

### 2. **Activation Maps**
   - **Tools**: Grad-CAM (Gradient-weighted Class Activation Mapping)
   - **Description**: Activation maps highlight regions in the input image that are most relevant to the model's decision. This is particularly useful in image classification tasks where understanding what parts of the image are most",Software Engineering,0.5,18,"{'n_words': 164, 'fk_grade': 15.991338155515376, 'fk_ease': 20.614873417721526, 'jargon_rate': 0.1951219512195122, 'definition_count': 1}",plus,Interactive Tools for Deep Learning Model Interpretation,Explain Interactive Tools for Deep Learning Model Interpretation.,4.0,1.0,0.0,20.614873417721526,15.991338155515376,0.1951219512195122,0.0,8.0,164.0
0.5,"Interactive tools for deep learning model interpretation are designed to help users understand the decision-making process of complex models, particularly those used in deep learning. These tools provide visual and interactive interfaces that allow users to explore how different features or inputs influence the model's predictions. Here’s an overview of some key aspects and types of these tools:

### 1. **Feature Importance Visualization**
   - **Partial Dependence Plots (PDPs):** These plots show the marginal effect one or two features have on the predicted outcome of a machine learning model. They can be used to understand how changes in feature values affect the model's output.
   - **Permutation Feature Importance:** This method measures the decrease in a model score when a single feature value is randomly shuffled. It helps identify which features are most important for the model's predictions.

### 2. **Local Explanations**
   - **LIME (Local Interpretable Model-agnostic Explanations):** LIME provides explanations for individual predictions by approximating the behavior of the original model with a simpler, interpretable model around the prediction",Software Engineering,-0.5,18,"{'n_words': 168, 'fk_grade': 14.508397239263804, 'fk_ease': 27.33474309815952, 'jargon_rate': 0.17365269461077845, 'definition_count': 1}",minus,Interactive Tools for Deep Learning Model Interpretation,Explain Interactive Tools for Deep Learning Model Interpretation.,3.0,1.0,0.0,27.33474309815952,14.508397239263804,0.17365269461077845,0.0,9.0,168.0
1.0,"Interactive tools for deep learning model interpretation are designed to help users understand the decision-making process of complex models, particularly those used in deep learning. These tools provide visual and interactive interfaces that allow users to explore how different features or inputs influence the model's predictions. Here’s an overview of some key aspects and types of these tools:

### 1. **Feature Importance Visualization**
   - **Partial Dependence Plots (PDPs):** These plots show the marginal effect one or two features have on the predicted outcome of a machine learning model. They can be used to understand how changes in feature values affect the model's output.
   - **Permutation Feature Importance:** This method measures the decrease in a model score when a single feature value is randomly shuffled. It helps identify which features are most important for the model's predictions.

### 2. **Local Explanations**
   - **LIME (Local Interpretable Model-agnostic Explanations):** LIME provides explanations for individual predictions by approximating the behavior of the original model with a simpler, interpretable model around the prediction",Software Engineering,1.0,18,"{'n_words': 168, 'fk_grade': 14.508397239263804, 'fk_ease': 27.33474309815952, 'jargon_rate': 0.17365269461077845, 'definition_count': 1}",plus,Interactive Tools for Deep Learning Model Interpretation,Explain Interactive Tools for Deep Learning Model Interpretation.,3.0,1.0,0.0,27.33474309815952,14.508397239263804,0.17365269461077845,0.0,9.0,168.0
1.0,"Interactive tools for deep learning model interpretation are designed to help users understand the decision-making process of complex models, particularly those used in deep learning. These tools provide visual and interactive interfaces that allow users to explore how different features or inputs influence the model's predictions. Here’s an overview of some key aspects and types of interactive tools:

### 1. **Feature Importance Visualization**
   - **Partial Dependence Plots (PDPs):** These plots show the marginal effect one or two features have on the predicted outcome of a machine learning model. They can be used to understand how changes in feature values affect the model's output.
   - **Permutation Feature Importance:** This method measures the decrease in a model score when a single feature value is randomly shuffled. It helps identify which features are most important for the model's predictions.

### 2. **Local Explanations**
   - **LIME (Local Interpretable Model-agnostic Explanations):** LIME provides explanations for individual predictions by approximating the behavior of the original model with a simpler, interpretable model around the prediction",Software Engineering,-1.0,18,"{'n_words': 168, 'fk_grade': 14.725575153374233, 'fk_ease': 25.77768788343562, 'jargon_rate': 0.17964071856287425, 'definition_count': 1}",minus,Interactive Tools for Deep Learning Model Interpretation,Explain Interactive Tools for Deep Learning Model Interpretation.,3.0,1.0,0.0,25.77768788343562,14.725575153374233,0.17964071856287425,0.0,9.0,168.0
2.0,"Interactive tools for deep learning model interpretation are designed to help users understand how a deep learning model makes its predictions or decisions. These tools provide visual and interactive interfaces that allow users to explore the model's behavior, identify patterns, and gain insights into the decision-making process. Here’s an overview of some key aspects and types of interactive tools used in this context:

### 1. **Feature Importance Visualization**
   - **Tools**: SHAP (SHapley Additive exPlanations), LIME (Local Interpretable Model-agnostic Explanations)
   - **Description**: These tools help identify which features are most influential in the model's predictions. They can show the impact of each feature on the output, often through heatmaps, bar charts, or other visual representations.

### 2. **Activation Maps**
   - **Tools**: Grad-CAM (Gradient-weighted Class Activation Mapping)
   - **Description**: Activation maps highlight regions in the input data that are most relevant to the model's prediction. For image classification models, these maps can show which parts of an image are most important",Software Engineering,2.0,18,"{'n_words': 159, 'fk_grade': 14.91467787114846, 'fk_ease': 27.061764705882354, 'jargon_rate': 0.1761006289308176, 'definition_count': 0}",plus,Interactive Tools for Deep Learning Model Interpretation,Explain Interactive Tools for Deep Learning Model Interpretation.,4.0,0.0,0.0,27.061764705882354,14.91467787114846,0.1761006289308176,0.0,8.0,159.0
2.0,"Interactive tools for deep learning model interpretation are designed to help users understand how a deep learning model makes its predictions or decisions. These tools provide visual and interactive interfaces that allow users to explore the model's behavior in detail, often by manipulating input data or observing changes in model outputs. Here’s an overview of some key aspects and types of interactive tools used in deep learning model interpretation:

### 1. **Visualizations**
   - **Heatmaps**: These show which parts of an image (or other input) most influence the model's decision. For example, in image classification, a heatmap can highlight regions of an image that are most important for the model's prediction.
   - **Feature Importance Plots**: These plots rank features based on their importance in making predictions. They are particularly useful in tabular data where each row represents an instance and each column represents a feature.

### 2. **Explainer Models**
   - **LIME (Local Interpretable Model-agnostic Explanations)**: LIME provides explanations for individual predictions by approximating the model locally with a simpler, interpretable",Software Engineering,-2.0,18,"{'n_words': 169, 'fk_grade': 14.494024390243908, 'fk_ease': 27.66042682926829, 'jargon_rate': 0.19760479041916168, 'definition_count': 0}",minus,Interactive Tools for Deep Learning Model Interpretation,Explain Interactive Tools for Deep Learning Model Interpretation.,3.0,0.0,1.0,27.66042682926829,14.494024390243908,0.19760479041916168,0.0,9.0,169.0
0.0,"Neuro-symbolic systems combine the strengths of neural networks (which excel at learning from raw data) and symbolic AI (which excels at reasoning and handling structured knowledge). These systems aim to bridge the gap between these two approaches, offering a more interpretable and explainable way to process information.

### Neuro-Symbolic Systems

1. **Combination of Neural Networks and Symbolic AI:**
   - **Neural Networks:** These are used for learning complex patterns from raw data, such as images, text, or sound.
   - **Symbolic AI:** This involves using logical rules, formal representations, and explicit knowledge to solve problems.

2. **Interpretability:**
   - Neuro-symbolic systems often provide a higher level of interpretability compared to purely neural network-based models. They can offer insights into how decisions are made by combining the transparency of symbolic reasoning with the power of neural networks.

3. **Knowledge Representation:**
   - These systems can represent knowledge in a structured form, making it easier to understand and manipulate. For example, they can use ontologies, logic",Artificial Intelligence,,19,"{'n_words': 160, 'fk_grade': 12.747311827956988, 'fk_ease': 34.345412186379946, 'jargon_rate': 0.1794871794871795, 'definition_count': 0}",none,Neuro-symbolic Systems and Interpretability,Explain Neuro-symbolic Systems and Interpretability.,7.0,0.0,1.0,34.345412186379946,12.747311827956988,0.1794871794871795,0.0,11.0,160.0
0.5,"Neuro-symbolic systems are a class of artificial intelligence models that combine the strengths of neural networks (which excel at learning from raw data) with symbolic AI (which excels at reasoning and handling structured knowledge). The goal is to create systems that can learn from data while also being able to reason about it in a way that is interpretable and understandable to humans.

### Key Components of Neuro-Symbolic Systems

1. **Neural Networks**: These are used for learning patterns and features from raw data. They are particularly good at tasks like image recognition, natural language processing, and time series analysis.
2. **Symbolic AI**: This involves using formal logic, rules, and representations to model knowledge and reasoning. Symbolic systems can handle structured data and perform logical inference.
3. **Integration**: The integration of these two components allows the system to leverage the strengths of both approaches. For example, a neural network can be used to extract features from images, and then a symbolic component can use those features to reason about the content of the image.

### Benefits of Neuro-Symbolic Systems

",Artificial Intelligence,0.5,19,"{'n_words': 178, 'fk_grade': 11.856954545454549, 'fk_ease': 41.40168181818183, 'jargon_rate': 0.14204545454545456, 'definition_count': 2}",plus,Neuro-symbolic Systems and Interpretability,Explain Neuro-symbolic Systems and Interpretability.,3.0,2.0,1.0,41.40168181818183,11.856954545454549,0.14204545454545456,0.0,12.0,178.0
0.5,"Neuro-symbolic systems are a class of artificial intelligence models that combine the strengths of neural networks (which excel at learning from raw data) with symbolic AI (which excels at reasoning and handling structured knowledge). The goal is to create systems that can learn from data while also being able to reason about it in a way that is interpretable and understandable to humans.

### Key Components of Neuro-Symbolic Systems

1. **Neural Networks**: These are used for learning patterns and features from raw data. They are particularly good at tasks like image recognition, natural language processing, and time series analysis.
2. **Symbolic AI**: This involves using logic, rules, and structured knowledge to perform reasoning and problem-solving. Symbolic systems can handle complex relationships and make decisions based on explicit rules and knowledge bases.

### How Neuro-Symbolic Systems Work

- **Data Learning**: Neural networks process raw data and extract relevant features or representations.
- **Reasoning and Decision Making**: Symbolic components use these learned features to reason about the data, make decisions, and solve problems.
- **Integration",Artificial Intelligence,-0.5,19,"{'n_words': 173, 'fk_grade': 12.83166666666667, 'fk_ease': 36.31333333333336, 'jargon_rate': 0.14705882352941177, 'definition_count': 2}",minus,Neuro-symbolic Systems and Interpretability,Explain Neuro-symbolic Systems and Interpretability.,5.0,2.0,0.0,36.31333333333336,12.83166666666667,0.14705882352941177,0.0,11.0,173.0
1.0,"Neuro-symbolic systems are a class of artificial intelligence models that combine the strengths of neural networks (which excel at learning from raw data) with symbolic AI (which excels at reasoning and handling structured knowledge). The goal is to create systems that can learn from data while also being able to reason about it in a way that is interpretable and explainable.

### Key Components of Neuro-Symbolic Systems

1. **Neural Networks**: These are used for learning patterns and features from raw data. They are particularly good at tasks like image recognition, natural language processing, and time series analysis.
2. **Symbolic AI**: This involves using logic, rules, and structured knowledge to perform reasoning and problem-solving. Symbolic systems can handle complex relationships and make decisions based on explicit rules and knowledge bases.

### How Neuro-Symbolic Systems Work

- **Data Learning**: Neural networks process raw data and extract relevant features or representations.
- **Reasoning and Decision Making**: Symbolic components use these learned features to reason about the data, make decisions, or solve problems.
- **Integration**:",Artificial Intelligence,1.0,19,"{'n_words': 171, 'fk_grade': 12.71538152610442, 'fk_ease': 36.751238286479264, 'jargon_rate': 0.1488095238095238, 'definition_count': 2}",plus,Neuro-symbolic Systems and Interpretability,Explain Neuro-symbolic Systems and Interpretability.,5.0,2.0,0.0,36.751238286479264,12.71538152610442,0.1488095238095238,0.0,11.0,171.0
1.0,"Neuro-symbolic systems are a class of artificial intelligence models that combine the strengths of neural networks (which excel at learning from raw data) with symbolic AI (which excels at reasoning and handling structured knowledge). These systems aim to bridge the gap between the two paradigms, leveraging the ability of neural networks to learn complex patterns from data and the ability of symbolic AI to reason about those patterns in a structured way.

### Key Components of Neuro-Symbolic Systems

1. **Neural Networks**: These are used for learning low-level features and representations from raw data. They can process unstructured data like images, text, or audio and extract meaningful features that can be used for various tasks such as classification, prediction, or generation.

2. **Symbolic AI**: This involves using formal logic, rules, and structured knowledge to perform reasoning and decision-making. Symbolic systems can handle high-level concepts, logical inference, and problem-solving.

3. **Integration Mechanisms**: There are several ways to integrate these components:
   - **End-to-End Learning**: Both neural and symbolic components are",Artificial Intelligence,-1.0,19,"{'n_words': 167, 'fk_grade': 13.836780303030306, 'fk_ease': 32.595170454545496, 'jargon_rate': 0.16470588235294117, 'definition_count': 0}",minus,Neuro-symbolic Systems and Interpretability,Explain Neuro-symbolic Systems and Interpretability.,4.0,0.0,0.0,32.595170454545496,13.836780303030306,0.16470588235294117,0.0,10.0,167.0
2.0,"Neuro-symbolic systems combine the strengths of neural networks (which excel at learning from raw data) and symbolic AI (which excels at reasoning and handling structured knowledge). These systems aim to bridge the gap between these two approaches, offering a more interpretable and explainable way to process information.

### Neuro-Symbolic Systems

1. **Combination of Neural and Symbolic Approaches**:
   - **Neural Networks**: These are powerful for learning complex patterns from raw data, such as images or text, without requiring explicit programming.
   - **Symbolic AI**: This approach involves using logic, rules, and structured knowledge to solve problems. It is particularly good at reasoning and making decisions based on explicit knowledge bases.

2. **Interdisciplinary Integration**:
   - Neuro-symbolic systems integrate these two paradigms by allowing neural networks to learn from data while also incorporating symbolic representations and reasoning capabilities.

3. **Applications**:
   - **Natural Language Processing (NLP)**: Combining neural models with symbolic parsing can improve understanding and generation of human language.
   - **Computer",Artificial Intelligence,2.0,19,"{'n_words': 157, 'fk_grade': 15.293104304635765, 'fk_ease': 19.037139900662254, 'jargon_rate': 0.2251655629139073, 'definition_count': 1}",plus,Neuro-symbolic Systems and Interpretability,Explain Neuro-symbolic Systems and Interpretability.,8.0,1.0,0.0,19.037139900662254,15.293104304635765,0.2251655629139073,0.0,11.0,157.0
2.0,"Neuro-symbolic systems are a type of artificial intelligence (AI) architecture that combines the strengths of neural networks and symbolic AI to create more interpretable and flexible models. These systems aim to bridge the gap between the two paradigms, which have traditionally been seen as complementary but distinct approaches to AI.

### Neural Networks

Neural networks are a class of machine learning models inspired by the structure and function of biological neurons. They consist of layers of interconnected nodes (neurons) that process information through a series of transformations. Neural networks excel at tasks such as image recognition, natural language processing, and predictive analytics, often achieving state-of-the-art performance. However, they are typically considered ""black boxes,"" meaning their internal workings and decision-making processes are not easily understood or explained.

### Symbolic AI

Symbolic AI, also known as rule-based or logical AI, relies on explicit representations of knowledge in the form of symbols, rules, and logic. This approach allows for reasoning, planning, and problem-solving based on formalized knowledge. Symbolic systems can provide clear explanations for their decisions and are",Artificial Intelligence,-2.0,19,"{'n_words': 175, 'fk_grade': 14.210712909441234, 'fk_ease': 27.415773924213227, 'jargon_rate': 0.2111111111111111, 'definition_count': 0}",minus,Neuro-symbolic Systems and Interpretability,Explain Neuro-symbolic Systems and Interpretability.,0.0,0.0,0.0,27.415773924213227,14.210712909441234,0.2111111111111111,0.0,9.0,175.0
0.0,"Explaining AI decision boundaries is a critical aspect of making artificial intelligence (AI) systems more transparent and understandable to users, stakeholders, and regulators. This process involves providing insights into how an AI model makes decisions, particularly in complex or opaque models like deep neural networks. Here’s a breakdown of the key concepts and methods used to explain AI decision boundaries:

### 1. **Understanding Decision Boundaries**
   - **Decision Boundary**: In machine learning, a decision boundary is the line (or surface in higher dimensions) that separates different classes or outcomes. For example, in a binary classification problem, it's the line that separates ""positive"" from ""negative"" cases.
   - **Complexity**: In many modern AI models, especially those using deep learning, these decision boundaries can be highly complex and non-linear, making them difficult to understand.

### 2. **Methods for Explaining Decision Boundaries**

#### **a. Local Interpretable Model-agnostic Explanations (LIME)**
   - **Concept**: LIME approximates the behavior of a complex model around a specific instance",Machine Learning Theory,,20,"{'n_words': 158, 'fk_grade': 15.264736842105265, 'fk_ease': 19.463157894736867, 'jargon_rate': 0.24025974025974026, 'definition_count': 2}",none,Explaining AI Decision Boundaries,Explain Explaining AI Decision Boundaries.,3.0,2.0,1.0,19.463157894736867,15.264736842105265,0.24025974025974026,0.0,9.0,158.0
0.5,"Explaining AI decision boundaries is a critical aspect of making artificial intelligence (AI) systems more transparent and understandable to users, stakeholders, and regulators. This process involves providing insights into how an AI model makes decisions, particularly in complex or opaque models like deep neural networks. Here’s a breakdown of the key concepts and methods used to explain AI decision boundaries:

### 1. **Understanding Decision Boundaries**
   - **Decision Boundary**: In machine learning, a decision boundary is the line (or surface in higher dimensions) that separates different classes or outcomes. For example, in a binary classification problem, it's the line that separates ""positive"" from ""negative"" cases.
   - **Complexity**: In many modern AI models, especially those using deep learning, these decision boundaries can be highly complex and non-linear, making them difficult to understand.

### 2. **Methods for Explaining Decision Boundaries**

#### **a. Local Interpretable Model-agnostic Explanations (LIME)**
   - **Concept**: LIME approximates the behavior of a complex model around a specific prediction",Machine Learning Theory,0.5,20,"{'n_words': 158, 'fk_grade': 15.342368421052633, 'fk_ease': 18.906578947368445, 'jargon_rate': 0.24675324675324675, 'definition_count': 2}",plus,Explaining AI Decision Boundaries,Explain Explaining AI Decision Boundaries.,3.0,2.0,1.0,18.906578947368445,15.342368421052633,0.24675324675324675,0.0,9.0,158.0
0.5,"Explaining AI decision boundaries is a critical aspect of making artificial intelligence (AI) systems more transparent and understandable to users, stakeholders, and regulators. This process involves providing insights into how an AI model makes decisions, particularly in complex or opaque models like deep neural networks. Here’s a breakdown of the key concepts and methods used to explain AI decision boundaries:

### 1. **Understanding Decision Boundaries**
   - **Decision Boundary**: In machine learning, a decision boundary is the line (or surface in higher dimensions) that separates different classes or outcomes. For example, in a binary classification problem, it's the line that separates ""positive"" from ""negative"" cases.
   - **Complexity**: In many AI models, especially those using deep learning, these boundaries can be highly complex and non-linear, making them difficult to understand.

### 2. **Types of Explanations**
   - **Local Explanations**: These focus on explaining individual predictions. Techniques include:
     - **LIME (Local Interpretable Model-agnostic Explanations)**: LIME approximates the local",Machine Learning Theory,-0.5,20,"{'n_words': 154, 'fk_grade': 15.38445945945946, 'fk_ease': 17.714256756756754, 'jargon_rate': 0.2733333333333333, 'definition_count': 2}",minus,Explaining AI Decision Boundaries,Explain Explaining AI Decision Boundaries.,4.0,2.0,1.0,17.714256756756754,15.38445945945946,0.2733333333333333,0.0,9.0,154.0
1.0,"Explaining AI decision boundaries is a critical aspect of making artificial intelligence (AI) systems more transparent and understandable to users, stakeholders, and regulators. This process involves providing insights into how an AI model makes decisions, particularly in complex or opaque models like deep neural networks. Here’s a detailed explanation:

### 1. **Understanding Decision Boundaries**
Decision boundaries refer to the regions in the input space where the AI model's predictions change from one class to another. For example, in a binary classification problem, the decision boundary is the line that separates the two classes. In multi-class problems, there can be multiple decision boundaries.

### 2. **Types of Explanations**
There are several types of explanations for AI decision boundaries:

- **Local Explanations**: These focus on explaining the decision made for a specific instance. Techniques include:
  - **LIME (Local Interpretable Model-agnostic Explanations)**: LIME approximates the local behavior of the model using simpler, interpretable models.
  - **SHAP (SHapley Additive exPlanations)**:",Machine Learning Theory,1.0,20,"{'n_words': 156, 'fk_grade': 14.31889624724062, 'fk_ease': 22.286350257542352, 'jargon_rate': 0.24836601307189543, 'definition_count': 2}",plus,Explaining AI Decision Boundaries,Explain Explaining AI Decision Boundaries.,3.0,2.0,1.0,22.286350257542352,14.31889624724062,0.24836601307189543,0.0,10.0,156.0
1.0,"Explaining AI decision boundaries is a critical aspect of making artificial intelligence (AI) systems more transparent and understandable to users, stakeholders, and regulators. This process involves providing insights into how an AI model makes decisions, particularly in complex or opaque models like deep neural networks. Here’s a breakdown of what explaining AI decision boundaries entails:

### 1. **Understanding the Model**
   - **Model Architecture**: Knowing the structure of the AI model (e.g., neural network layers, types of layers used) helps in understanding how data flows through the model.
   - **Training Data**: Understanding the dataset used to train the model can provide context about the types of inputs the model has seen and how it might generalize.

### 2. **Feature Importance**
   - **Feature Attribution**: Techniques like SHAP (SHapley Additive exPlanations), LIME (Local Interpretable Model-agnostic Explanations), and Integrated Gradients help identify which features are most influential in the model's predictions.
   - **Partial Dependence Plots**: These plots show the marginal effect one or two features",Machine Learning Theory,-1.0,20,"{'n_words': 161, 'fk_grade': 13.96754032258065, 'fk_ease': 29.431310483870988, 'jargon_rate': 0.24203821656050956, 'definition_count': 1}",minus,Explaining AI Decision Boundaries,Explain Explaining AI Decision Boundaries.,4.0,1.0,0.0,29.431310483870988,13.96754032258065,0.24203821656050956,0.0,10.0,161.0
2.0,"Explaining AI decision boundaries is a critical aspect of making artificial intelligence (AI) systems more transparent and understandable to users, stakeholders, and regulators. This process involves providing insights into how an AI model makes decisions, particularly in complex or opaque models like deep neural networks. Here’s a breakdown of the key concepts and methods used to explain AI decision boundaries:

### 1. **Understanding Decision Boundaries**
   - **Decision Boundary**: In machine learning, a decision boundary is the line (or hyperplane in higher dimensions) that separates different classes or outcomes. For example, in a binary classification problem, it's the line that separates positive from negative cases.
   - **Complexity**: In many modern AI models, especially those using deep learning, these decision boundaries can be highly complex and non-linear, making them difficult to understand.

### 2. **Methods for Explanation**

#### **a. Local Interpretable Model-agnostic Explanations (LIME)**
   - **Concept**: LIME approximates the behavior of a complex model around a specific instance by fitting a simpler, interpretable",Machine Learning Theory,2.0,20,"{'n_words': 161, 'fk_grade': 15.413991935483875, 'fk_ease': 19.060987903225822, 'jargon_rate': 0.24203821656050956, 'definition_count': 2}",plus,Explaining AI Decision Boundaries,Explain Explaining AI Decision Boundaries.,3.0,2.0,1.0,19.060987903225822,15.413991935483875,0.24203821656050956,0.0,9.0,161.0
2.0,"Explaining AI decision boundaries is a critical aspect of making artificial intelligence (AI) systems more transparent and understandable to users, stakeholders, and regulators. This process involves providing insights into how an AI model makes decisions, particularly in complex or opaque models like deep neural networks. Here’s a breakdown of what explaining AI decision boundaries entails:

### 1. **Understanding the Model**
   - **Model Architecture**: Knowing the structure of the AI model (e.g., neural network layers, types of layers used) helps in understanding how data flows through the system.
   - **Training Data**: Understanding the dataset used to train the model can provide context about the types of inputs the model has seen and how it might generalize.

### 2. **Feature Importance**
   - **Feature Attribution**: Techniques like SHAP (SHapley Additive exPlanations), LIME (Local Interpretable Model-agnostic Explanations), and Integrated Gradients help identify which features are most influential in the model's decision-making process.
   - **Partial Dependence Plots**: These plots show the marginal effect one or",Machine Learning Theory,-2.0,20,"{'n_words': 160, 'fk_grade': 14.138279220779225, 'fk_ease': 27.984561688311715, 'jargon_rate': 0.2356687898089172, 'definition_count': 1}",minus,Explaining AI Decision Boundaries,Explain Explaining AI Decision Boundaries.,4.0,1.0,0.0,27.984561688311715,14.138279220779225,0.2356687898089172,0.0,10.0,160.0
0.0,"In probabilistic models, the stochastic interpretation refers to the use of randomness or probability to model uncertainty and variability in the data. This approach is fundamental in many areas of machine learning, statistics, and artificial intelligence, where real-world phenomena often involve inherent randomness or unpredictability.

### Key Concepts in Stochastic Interpretation

1. **Random Variables**: In probabilistic models, random variables represent quantities that can take on different values according to some underlying probability distribution. For example, in a model predicting weather conditions, the temperature could be a random variable with a certain probability distribution.

2. **Probability Distributions**: These describe the likelihood of different outcomes for a random variable. Common distributions include Gaussian (normal), Bernoulli, Poisson, and others, each suited to different types of data and scenarios.

3. **Parameters and Latent Variables**: Parameters are fixed but unknown quantities that define the shape of a probability distribution. Latent variables are unobserved variables that influence the observed data. Both can be estimated from data using techniques like maximum likelihood estimation or Bayesian inference.

4. **Stochastic Processes",Statistics,,21,"{'n_words': 172, 'fk_grade': 17.37022807017544, 'fk_ease': 0.9837631578947708, 'jargon_rate': 0.3333333333333333, 'definition_count': 2}",none,Stochastic Interpretation in Probabilistic Models,Explain Stochastic Interpretation in Probabilistic Models.,4.0,2.0,1.0,0.9837631578947708,17.37022807017544,0.3333333333333333,0.0,14.0,172.0
0.5,"In the context of probabilistic models, the stochastic interpretation refers to the use of randomness or probability to model uncertainty and variability in the data. This approach is fundamental in many areas of machine learning, statistics, and artificial intelligence, where probabilistic models are used to make predictions, classify data, or infer hidden variables.

### Key Concepts in Stochastic Interpretation

1. **Random Variables**: In probabilistic models, random variables represent quantities that can take on different values with certain probabilities. For example, in a weather prediction model, the temperature tomorrow could be modeled as a random variable with a distribution reflecting the likelihood of different temperatures.

2. **Probability Distributions**: These describe the probabilities of different outcomes for a random variable. Common distributions include Gaussian (normal), Bernoulli, Poisson, and others, each suited to different types of data and scenarios.

3. **Stochastic Processes**: These are collections of random variables indexed by time or space. They are used to model phenomena that evolve over time or space, such as stock prices, weather patterns, or biological processes.

4. **Bay",Statistics,0.5,21,"{'n_words': 173, 'fk_grade': 16.012170542635662, 'fk_ease': 14.302338501292013, 'jargon_rate': 0.26785714285714285, 'definition_count': 2}",plus,Stochastic Interpretation in Probabilistic Models,Explain Stochastic Interpretation in Probabilistic Models.,4.0,2.0,1.0,14.302338501292013,16.012170542635662,0.26785714285714285,0.0,13.0,173.0
0.5,"In the context of probabilistic models, the stochastic interpretation refers to the use of randomness or probability to model uncertainty and variability in the data. This approach is fundamental in many areas of machine learning, statistics, and artificial intelligence, where probabilistic models are used to make predictions, classify data, or infer hidden variables.

### Key Concepts in Stochastic Interpretation

1. **Random Variables**: In probabilistic models, random variables represent quantities that can take on different values with certain probabilities. For example, in a model predicting weather conditions, the temperature could be a random variable with a distribution that reflects the likelihood of different temperatures occurring.

2. **Probability Distributions**: These describe the probabilities of different outcomes for a random variable. Common distributions include the normal (Gaussian) distribution, binomial distribution, and Poisson distribution, among others. The choice of distribution depends on the nature of the data and the problem at hand.

3. **Stochastic Processes**: These are collections of random variables indexed by time or space. They are used to model phenomena that evolve over time or space, such as stock",Statistics,-0.5,21,"{'n_words': 177, 'fk_grade': 15.27627272727273, 'fk_ease': 16.886909090909086, 'jargon_rate': 0.26011560693641617, 'definition_count': 2}",minus,Stochastic Interpretation in Probabilistic Models,Explain Stochastic Interpretation in Probabilistic Models.,3.0,2.0,1.0,16.886909090909086,15.27627272727273,0.26011560693641617,0.0,12.0,177.0
1.0,"In probabilistic models, the stochastic interpretation refers to the use of randomness or probability to model uncertainty and variability in the data. This approach is fundamental in many areas of machine learning, statistics, and artificial intelligence, where real-world phenomena often involve inherent randomness or unpredictability.

### Key Concepts in Stochastic Interpretation

1. **Random Variables**: In probabilistic models, random variables represent quantities that can take on different values with certain probabilities. For example, in a weather prediction model, the temperature tomorrow could be modeled as a random variable with a distribution reflecting the likelihood of different temperatures.

2. **Probability Distributions**: These describe the probabilities of different outcomes for a random variable. Common distributions include Gaussian (normal), Bernoulli, Poisson, and others, each suited to different types of data and scenarios.

3. **Stochastic Processes**: These are collections of random variables indexed by time or space. They are used to model systems that evolve over time or across space, such as stock prices, weather patterns, or biological processes.

4. **Bayesian Inference**: A key aspect of",Statistics,1.0,21,"{'n_words': 171, 'fk_grade': 15.611764705882354, 'fk_ease': 13.41294117647061, 'jargon_rate': 0.2694610778443114, 'definition_count': 2}",plus,Stochastic Interpretation in Probabilistic Models,Explain Stochastic Interpretation in Probabilistic Models.,4.0,2.0,1.0,13.41294117647061,15.611764705882354,0.2694610778443114,0.0,13.0,171.0
1.0,"In probabilistic models, the stochastic interpretation refers to the use of randomness or probability to model uncertainty and variability in the data. This approach is fundamental in many areas of machine learning, statistics, and artificial intelligence, as it allows for more flexible and realistic modeling of real-world phenomena.

### Key Concepts in Stochastic Interpretation

1. **Random Variables**: In probabilistic models, random variables represent quantities that can take on different values with certain probabilities. For example, in a model predicting weather conditions, the temperature could be a random variable with a distribution that reflects the likelihood of different temperatures occurring.

2. **Probability Distributions**: These describe the probabilities of different outcomes of a random variable. Common examples include the normal distribution (Gaussian), binomial distribution, and Poisson distribution. Probability distributions are crucial for specifying the stochastic behavior of the model.

3. **Stochastic Processes**: These are collections of random variables indexed by time or space. They are used to model systems that evolve over time or across space, where the future state depends on the current state and some random component. Examples include Mark",Statistics,-1.0,21,"{'n_words': 180, 'fk_grade': 15.345190452006097, 'fk_ease': 14.028796343321488, 'jargon_rate': 0.2598870056497175, 'definition_count': 2}",minus,Stochastic Interpretation in Probabilistic Models,Explain Stochastic Interpretation in Probabilistic Models.,3.0,2.0,1.0,14.028796343321488,15.345190452006097,0.2598870056497175,0.0,13.0,180.0
2.0,"In probabilistic models, the stochastic interpretation refers to the use of randomness or probability to model uncertainty and variability in the data. This approach is fundamental in many areas of machine learning, statistics, and artificial intelligence, as it allows for more flexible and realistic modeling of real-world phenomena.

### Key Concepts in Stochastic Interpretation

1. **Random Variables**: In probabilistic models, random variables represent quantities that can take on different values with certain probabilities. For example, in a model predicting weather conditions, the temperature could be a random variable with a distribution reflecting the likelihood of different temperatures occurring.

2. **Probability Distributions**: These describe the probabilities of different outcomes of a random variable. Common distributions include Gaussian (normal), Bernoulli, Poisson, and others, each suited to different types of data and scenarios.

3. **Stochastic Processes**: These are collections of random variables indexed by time or space. They are used to model systems that evolve over time or across space, such as stock prices, weather patterns, or biological processes.

4. **Bayesian Inference**: A key aspect",Statistics,2.0,21,"{'n_words': 172, 'fk_grade': 15.369058479532164, 'fk_ease': 15.331131578947378, 'jargon_rate': 0.27380952380952384, 'definition_count': 2}",plus,Stochastic Interpretation in Probabilistic Models,Explain Stochastic Interpretation in Probabilistic Models.,4.0,2.0,1.0,15.331131578947378,15.369058479532164,0.27380952380952384,0.0,13.0,172.0
2.0,"In the context of probabilistic models, the stochastic interpretation refers to the use of randomness or probability to model uncertainty and variability in the data. This approach is fundamental in many areas of machine learning, statistics, and artificial intelligence, where probabilistic models are used to make predictions, classify data, or infer hidden variables.

### Key Concepts in Stochastic Interpretation

1. **Random Variables**: In probabilistic models, random variables represent quantities that can take on different values with certain probabilities. For example, in a model predicting weather conditions, the temperature could be a random variable with a distribution that reflects the likelihood of different temperatures occurring.

2. **Probability Distributions**: These describe the likelihood of different outcomes for a random variable. Common distributions include Gaussian (normal), Bernoulli, Poisson, and others, each suited to different types of data and scenarios.

3. **Parameters and Latent Variables**: Parameters are known quantities that define the shape of a probability distribution, while latent variables are unobserved variables that influence the observed data. Both can be estimated from data using techniques like maximum likelihood estimation",Statistics,-2.0,21,"{'n_words': 176, 'fk_grade': 17.144190476190477, 'fk_ease': 6.780031746031767, 'jargon_rate': 0.3081395348837209, 'definition_count': 2}",minus,Stochastic Interpretation in Probabilistic Models,Explain Stochastic Interpretation in Probabilistic Models.,3.0,2.0,1.0,6.780031746031767,17.144190476190477,0.3081395348837209,0.0,11.0,176.0
0.0,"Dynamic explanations for evolving models refer to the ability of an explanation system to adapt and provide relevant insights as machine learning models change over time. This is particularly important in scenarios where models are updated frequently or continuously learn from new data, such as in real-time recommendation systems, financial forecasting, or healthcare applications.

### Key Components of Dynamic Explanations

1. **Model Evolution Awareness**: The explanation system must be aware of when and how the model has changed. This could involve tracking changes in model parameters, architecture, or training data.

2. **Relevance Filtering**: As models evolve, not all features or predictions may remain relevant. The explanation system should filter out outdated or irrelevant information to ensure that the explanations provided are still accurate and useful.

3. **Contextual Adaptation**: The explanations should adapt to the current context of the model's operation. For example, if a model was trained on historical data but now operates with real-time data, the explanations should reflect this shift.

4. **Incremental Updates**: Instead of re-explaining the entire model from scratch, the system should be able",Artificial Intelligence,,22,"{'n_words': 178, 'fk_grade': 14.379666666666665, 'fk_ease': 23.49322881355934, 'jargon_rate': 0.192090395480226, 'definition_count': 1}",none,Dynamic Explanations for Evolving Models,Explain Dynamic Explanations for Evolving Models.,4.0,1.0,1.0,23.49322881355934,14.379666666666665,0.192090395480226,0.0,13.0,178.0
0.5,"Dynamic explanations for evolving models refer to the ability of an explanation system to adapt and provide relevant insights as machine learning models change over time. This is particularly important in scenarios where models are updated frequently or continuously learn from new data, such as in online learning settings, real-time recommendation systems, or adaptive control systems.

### Key Components of Dynamic Explanations

1. **Model Evolution Awareness**: The explanation system must be aware of when and how the model has changed. This could involve tracking changes in model parameters, architecture, or training data.

2. **Relevance Filtering**: As models evolve, not all features or aspects of the model may remain relevant for explaining predictions. The explanation system should filter out irrelevant information and focus on the most significant changes or factors that influence the current model behavior.

3. **Contextual Relevance**: The explanations should be contextually relevant to the current state of the model. For example, if a model has been updated to better handle a specific type of input, the explanation should highlight why this update is beneficial and how it affects the model's predictions.

4. **",Artificial Intelligence,0.5,22,"{'n_words': 185, 'fk_grade': 14.843825136612022, 'fk_ease': 24.855683060109328, 'jargon_rate': 0.17679558011049723, 'definition_count': 2}",plus,Dynamic Explanations for Evolving Models,Explain Dynamic Explanations for Evolving Models.,4.0,2.0,1.0,24.855683060109328,14.843825136612022,0.17679558011049723,0.0,13.0,185.0
0.5,"Dynamic explanations for evolving models refer to the ability of an explanation system to adapt and provide relevant insights as machine learning models change over time. This is particularly important in scenarios where models are updated frequently or continuously learn from new data, such as in real-time recommendation systems, financial forecasting, or healthcare applications.

### Key Components of Dynamic Explanations

1. **Model Evolution Awareness**: The explanation system must be aware of when and how the model has changed. This could involve tracking changes in model parameters, architecture, or training data.

2. **Relevance Filtering**: As models evolve, not all features or predictions may remain relevant. The explanation system should filter out outdated or irrelevant information to ensure that the explanations provided are current and useful.

3. **Contextual Adaptation**: The explanations should adapt to the context in which they are being provided. For example, if a model's performance degrades on certain types of inputs after an update, the explanation should highlight these specific cases rather than providing a general overview.

4. **Incremental Updates**: Instead of rebuilding explanations from scratch each time a model changes",Artificial Intelligence,-0.5,22,"{'n_words': 182, 'fk_grade': 14.547453038674035, 'fk_ease': 23.002726519337045, 'jargon_rate': 0.2011173184357542, 'definition_count': 1}",minus,Dynamic Explanations for Evolving Models,Explain Dynamic Explanations for Evolving Models.,4.0,1.0,1.0,23.002726519337045,14.547453038674035,0.2011173184357542,0.0,13.0,182.0
1.0,"Dynamic explanations for evolving models refer to the ability of an explanation system to adapt and provide relevant insights as machine learning models change over time. This is particularly important in scenarios where models are updated frequently or continuously learn from new data, such as in online learning settings, real-time recommendation systems, or adaptive control systems.

### Key Components of Dynamic Explanations

1. **Model Evolution Awareness**: The explanation system must be aware of when and how the model has changed. This could involve tracking changes in model parameters, architecture, or training data.

2. **Relevance Filtering**: As models evolve, not all features or aspects of the model may remain relevant for explaining predictions. The explanation system should filter out irrelevant information and focus on the most significant changes or factors that influence the current model behavior.

3. **Contextual Relevance**: The explanations should be contextually relevant to the current state of the model. For example, if a model has been updated to better handle a specific type of input, the explanation should highlight why this update is beneficial and how it affects the model's predictions.

4. **",Artificial Intelligence,1.0,22,"{'n_words': 185, 'fk_grade': 14.843825136612022, 'fk_ease': 24.855683060109328, 'jargon_rate': 0.17679558011049723, 'definition_count': 2}",plus,Dynamic Explanations for Evolving Models,Explain Dynamic Explanations for Evolving Models.,4.0,2.0,1.0,24.855683060109328,14.843825136612022,0.17679558011049723,0.0,13.0,185.0
1.0,"Dynamic explanations for evolving models refer to the ability of an explanation system to adapt and provide relevant insights as machine learning models change over time. This is particularly important in scenarios where models are updated frequently or continuously learn from new data, such as in real-time recommendation systems, financial forecasting, or healthcare applications.

### Key Components of Dynamic Explanations

1. **Model Evolution Awareness**: The explanation system must be aware of when and how the model has changed. This could involve tracking changes in model parameters, architecture, or training data.

2. **Relevance Filtering**: As models evolve, not all features or predictions may remain relevant. The explanation system should filter out outdated or irrelevant information to ensure that the explanations provided are current and useful.

3. **Contextual Adaptation**: The explanations should adapt to the context in which they are being provided. For example, if a model's performance degrades on certain types of inputs after an update, the explanation should highlight these specific cases rather than providing a general overview.

4. **Incremental Updates**: Instead of rebuilding explanations from scratch each time a model changes",Artificial Intelligence,-1.0,22,"{'n_words': 182, 'fk_grade': 14.547453038674035, 'fk_ease': 23.002726519337045, 'jargon_rate': 0.2011173184357542, 'definition_count': 1}",minus,Dynamic Explanations for Evolving Models,Explain Dynamic Explanations for Evolving Models.,4.0,1.0,1.0,23.002726519337045,14.547453038674035,0.2011173184357542,0.0,13.0,182.0
2.0,"Dynamic explanations for evolving models refer to the ability of an explanation system to adapt and provide relevant insights as machine learning models change over time. This is particularly important in scenarios where models are updated frequently or continuously learn from new data, such as in online learning settings, real-time recommendation systems, or adaptive control systems.

### Key Components of Dynamic Explanations

1. **Model Evolution Awareness**: The explanation system must be aware of when and how the model has changed. This could involve tracking changes in the model's architecture, parameters, or training data.

2. **Relevance Filtering**: As models evolve, not all features or aspects of the model may remain relevant for explaining predictions. The explanation system should filter out irrelevant information and focus on the most significant changes or factors that influence the current model behavior.

3. **Incremental Updates**: Instead of re-explaining the entire model from scratch, the explanation system should be able to incrementally update explanations based on recent changes. This can save computational resources and ensure that explanations remain up-to-date without requiring extensive recalculations.

4. **Contextual",Artificial Intelligence,2.0,22,"{'n_words': 178, 'fk_grade': 15.880000000000003, 'fk_ease': 16.239435028248607, 'jargon_rate': 0.20224719101123595, 'definition_count': 1}",plus,Dynamic Explanations for Evolving Models,Explain Dynamic Explanations for Evolving Models.,4.0,1.0,0.0,16.239435028248607,15.880000000000003,0.20224719101123595,0.0,13.0,178.0
2.0,"Dynamic explanations for evolving models refer to the ability of an explanation system to adapt and provide relevant insights as machine learning models change over time. This is particularly important in scenarios where models are updated frequently or continuously learn from new data, such as in real-time recommendation systems, financial forecasting, or healthcare applications.

### Key Components of Dynamic Explanations

1. **Model Updates**: As models evolve, they may incorporate new features, adjust weights, or even change their architecture. Dynamic explanations need to be able to reflect these changes accurately.

2. **Data Changes**: The input data that feeds into the model can also change over time. This could be due to shifts in user behavior, market conditions, or other external factors. Dynamic explanations should account for these changes in the data distribution.

3. **Contextual Relevance**: The relevance of an explanation can vary depending on the context. For instance, what explains a prediction well today might not be as relevant tomorrow if the underlying model has changed.

4. **User Interaction**: Users interacting with the model (e.g., through a recommendation system) can provide",Artificial Intelligence,-2.0,22,"{'n_words': 180, 'fk_grade': 12.64090782122905, 'fk_ease': 31.00184590316576, 'jargon_rate': 0.1751412429378531, 'definition_count': 1}",minus,Dynamic Explanations for Evolving Models,Explain Dynamic Explanations for Evolving Models.,4.0,1.0,1.0,31.00184590316576,12.64090782122905,0.1751412429378531,0.0,16.0,180.0
0.0,"Uncertainty quantification in the context of AI explanations refers to the process of assessing and communicating the level of confidence or uncertainty associated with predictions or decisions made by machine learning models. This is particularly important in applications where the stakes are high, such as medical diagnosis, financial forecasting, autonomous driving, and more. Here’s a detailed explanation:

### 1. **Understanding Uncertainty in AI Models**

AI models, especially those based on deep learning, can be highly complex and opaque. They often make predictions without providing a clear indication of how confident they are about these predictions. This lack of transparency can be problematic because it's crucial to know when a model is uncertain to avoid making critical errors.

### 2. **Types of Uncertainty**

There are two main types of uncertainty that are relevant in AI:

- **Aleatoric Uncertainty**: This type of uncertainty arises from inherent randomness in the data. For example, if you're trying to predict the weather, there will always be some degree of unpredictability due to natural variability.
  
- **Epistemic Uncertainty**: This type of uncertainty",Machine Learning,,23,"{'n_words': 176, 'fk_grade': 14.228449612403104, 'fk_ease': 27.090710594315254, 'jargon_rate': 0.2543352601156069, 'definition_count': 3}",none,Uncertainty Quantification in AI Explanations,Explain Uncertainty Quantification in AI Explanations.,2.0,3.0,1.0,27.090710594315254,14.228449612403104,0.2543352601156069,0.0,10.0,176.0
0.5,"Uncertainty quantification in the context of AI explanations refers to the process of assessing and communicating the level of confidence or uncertainty associated with predictions made by machine learning models. This is particularly important in applications where the stakes are high, such as medical diagnosis, financial forecasting, autonomous driving, and more. Here’s a detailed explanation:

### 1. **What is Uncertainty?**
   - **Epistemic Uncertainty**: This type of uncertainty arises from a lack of knowledge about the data or the model itself. It can be due to limited training data, noisy data, or the complexity of the problem.
   - **Aleatoric Uncertainty**: This type of uncertainty is inherent in the data and cannot be reduced by collecting more data. For example, natural variability in weather patterns.

### 2. **Why is Uncertainty Quantification Important?**
   - **Trust and Reliability**: Understanding the uncertainty helps users trust the model's predictions more accurately. In critical applications, it can prevent over-reliance on incorrect predictions.
   - **Decision Making**: In fields like healthcare, financial",Machine Learning,0.5,23,"{'n_words': 163, 'fk_grade': 13.262818471337582, 'fk_ease': 23.277709660297262, 'jargon_rate': 0.26582278481012656, 'definition_count': 5}",plus,Uncertainty Quantification in AI Explanations,Explain Uncertainty Quantification in AI Explanations.,4.0,5.0,1.0,23.277709660297262,13.262818471337582,0.26582278481012656,0.0,13.0,163.0
0.5,"Uncertainty quantification in the context of AI explanations refers to the process of assessing and communicating the level of confidence or uncertainty associated with predictions or decisions made by machine learning models. This is particularly important in applications where the stakes are high, such as medical diagnosis, financial forecasting, autonomous driving, and more. Here’s a detailed explanation:

### 1. **Understanding Uncertainty in AI Models**

AI models, especially those based on deep learning, can be highly complex and opaque. They often make predictions without providing a clear indication of how confident they are about those predictions. This lack of transparency can be problematic because it's crucial to know when a model is uncertain to avoid making critical errors.

### 2. **Types of Uncertainty**

There are two main types of uncertainty that are often discussed in the context of AI:

- **Aleatoric Uncertainty**: This type of uncertainty arises from inherent randomness in the data. For example, if you're trying to predict the weather, there will always be some degree of unpredictability due to natural variability.
  
- **Epistemic Uncertainty**:",Machine Learning,-0.5,23,"{'n_words': 176, 'fk_grade': 15.022906976744185, 'fk_ease': 25.64970930232562, 'jargon_rate': 0.2543352601156069, 'definition_count': 3}",minus,Uncertainty Quantification in AI Explanations,Explain Uncertainty Quantification in AI Explanations.,2.0,3.0,1.0,25.64970930232562,15.022906976744185,0.2543352601156069,0.0,10.0,176.0
1.0,"Uncertainty quantification in the context of AI explanations refers to the process of assessing and communicating the level of confidence or uncertainty associated with predictions or decisions made by machine learning models. This is particularly important in applications where the stakes are high, such as medical diagnosis, financial forecasting, autonomous driving, and more. Here’s a detailed explanation:

### 1. **Understanding Uncertainty in AI Models**

AI models, especially those based on deep learning, can be highly complex and opaque. They often make predictions without providing a clear measure of how confident they are about these predictions. This lack of transparency can be problematic because it's crucial to know when a model is uncertain about its predictions.

### 2. **Types of Uncertainty**

There are two main types of uncertainty that are relevant in AI:

- **Aleatoric Uncertainty**: This type of uncertainty arises from inherent randomness in the data. For example, if you're trying to predict the weather, there will always be some degree of unpredictability due to natural variability.
  
- **Epistemic Uncertainty**: This type of uncertainty is due",Machine Learning,1.0,23,"{'n_words': 176, 'fk_grade': 13.95403100775194, 'fk_ease': 29.058152454780384, 'jargon_rate': 0.2543352601156069, 'definition_count': 4}",plus,Uncertainty Quantification in AI Explanations,Explain Uncertainty Quantification in AI Explanations.,2.0,4.0,1.0,29.058152454780384,13.95403100775194,0.2543352601156069,0.0,10.0,176.0
1.0,"Uncertainty quantification in the context of AI explanations refers to the process of assessing and communicating the level of confidence or uncertainty associated with predictions or decisions made by machine learning models. This is particularly important in applications where the stakes are high, such as medical diagnosis, financial forecasting, autonomous driving, and more. Here’s a detailed explanation:

### 1. **Understanding Uncertainty in AI Models**

AI models, especially those based on deep learning, can be highly complex and opaque. They often make predictions without providing a clear indication of how confident they are about those predictions. This lack of transparency can be problematic because it's crucial to know when a model is uncertain to avoid making critical errors.

### 2. **Types of Uncertainty**

There are two main types of uncertainty that are relevant in AI:

- **Aleatoric Uncertainty**: This type of uncertainty arises from inherent randomness in the data. For example, if you're trying to predict the weather, there will always be some degree of unpredictability due to natural variability.
  
- **Epistemic Uncertainty**: This type of uncertainty",Machine Learning,-1.0,23,"{'n_words': 176, 'fk_grade': 14.228449612403104, 'fk_ease': 27.090710594315254, 'jargon_rate': 0.2543352601156069, 'definition_count': 3}",minus,Uncertainty Quantification in AI Explanations,Explain Uncertainty Quantification in AI Explanations.,2.0,3.0,1.0,27.090710594315254,14.228449612403104,0.2543352601156069,0.0,10.0,176.0
2.0,"Uncertainty quantification in the context of AI explanations refers to the process of assessing and communicating the level of confidence or uncertainty associated with predictions made by machine learning models. This is particularly important because many real-world applications of AI require not just accurate predictions but also an understanding of how confident the model is in those predictions.

### Key Aspects of Uncertainty Quantification

1. **Types of Uncertainty**:
   - **Aleatoric Uncertainty**: This type of uncertainty arises from inherent randomness in the data. For example, if you're predicting the weather, there's always some inherent variability that can't be eliminated.
   - **Epistemic Uncertainty**: This type of uncertainty is due to a lack of knowledge or data. It can be reduced by gathering more data or improving the model.

2. **Methods for Quantifying Uncertainty**:
   - **Ensemble Methods**: Using multiple models to make predictions and then aggregating their outputs can help quantify uncertainty. Techniques like bagging, boosting, and stacking can provide insights into how confident the ensemble is about its predictions.
   -",Machine Learning,2.0,23,"{'n_words': 168, 'fk_grade': 14.711370143149285, 'fk_ease': 21.847314246762153, 'jargon_rate': 0.2545454545454545, 'definition_count': 5}",plus,Uncertainty Quantification in AI Explanations,Explain Uncertainty Quantification in AI Explanations.,5.0,5.0,1.0,21.847314246762153,14.711370143149285,0.2545454545454545,0.0,11.0,168.0
2.0,"Uncertainty quantification in the context of AI explanations refers to the process of assessing and communicating the level of confidence or uncertainty associated with predictions or decisions made by machine learning models. This is particularly important in applications where the stakes are high, such as medical diagnosis, financial forecasting, autonomous driving, and more. Here’s a detailed explanation:

### 1. **Understanding Uncertainty in AI Models**

AI models, especially those based on deep learning, can be highly complex and opaque. They often make predictions without providing a clear indication of how confident they are about those predictions. This lack of transparency can be problematic because it's crucial to know when a model is uncertain about its predictions.

### 2. **Types of Uncertainty**

There are two main types of uncertainty that are relevant in AI:

- **Aleatoric Uncertainty**: This type of uncertainty arises from inherent randomness in the data. For example, if you're trying to predict the weather, there will always be some degree of unpredictability due to natural variability.
  
- **Epistemic Uncertainty**: This type of uncertainty is due",Machine Learning,-2.0,23,"{'n_words': 176, 'fk_grade': 14.09124031007752, 'fk_ease': 28.074431524547833, 'jargon_rate': 0.26011560693641617, 'definition_count': 4}",minus,Uncertainty Quantification in AI Explanations,Explain Uncertainty Quantification in AI Explanations.,2.0,4.0,1.0,28.074431524547833,14.09124031007752,0.26011560693641617,0.0,10.0,176.0
0.0,"Semantic understanding in text-based models refers to the ability of these models to comprehend and interpret the meaning behind the words and phrases in a given text. This involves more than just recognizing individual words; it requires an understanding of the context, relationships between words, and the overall meaning or intent of the text.

### Key Components of Semantic Understanding

1. **Contextual Understanding**:
   - **Word Sense Disambiguation**: Determining the correct meaning of a word based on the context in which it is used. For example, ""bank"" can refer to a financial institution or the edge of a river.
   - **Sentence and Document Context**: Understanding how sentences relate to each other within a document and how they contribute to the overall meaning.

2. **Syntactic Analysis**:
   - Analyzing the grammatical structure of sentences to understand how words are related to each other. This includes identifying parts of speech, sentence structure, and dependencies between words.

3. **Semantic Roles**:
   - Identifying the roles that different elements (arguments) play in a sentence. For example,",Natural Language Processing,,24,"{'n_words': 169, 'fk_grade': 13.102032520325203, 'fk_ease': 33.58334688346886, 'jargon_rate': 0.18518518518518517, 'definition_count': 2}",none,Semantic Understanding in Text-Based Models,Explain Semantic Understanding in Text-Based Models.,7.0,2.0,2.0,33.58334688346886,13.102032520325203,0.18518518518518517,0.0,12.0,169.0
0.5,"Semantic understanding in text-based models refers to the ability of these models to comprehend and interpret the meaning behind the words and phrases in a given text. This involves more than just recognizing individual words; it requires the model to understand the context, relationships between words, and the overall meaning of the text.

### Key Components of Semantic Understanding

1. **Contextual Understanding**:
   - **Word Sense Disambiguation**: Determining the correct meaning of a word based on its context. For example, ""bank"" can mean a financial institution or the side of a river.
   - **Sentence-Level Context**: Understanding how the meaning of a sentence changes based on the surrounding sentences. This is crucial for tasks like summarization and question answering.

2. **Syntactic Analysis**:
   - Analyzing the grammatical structure of sentences to understand how different parts of speech (nouns, verbs, adjectives, etc.) interact with each other. This helps in parsing sentences and identifying their structure.

3. **Semantic Roles**:
   - Identifying the roles that different elements play within a sentence",Natural Language Processing,0.5,24,"{'n_words': 165, 'fk_grade': 11.912727272727274, 'fk_ease': 35.561363636363666, 'jargon_rate': 0.20754716981132076, 'definition_count': 2}",plus,Semantic Understanding in Text-Based Models,Explain Semantic Understanding in Text-Based Models.,7.0,2.0,1.0,35.561363636363666,11.912727272727274,0.20754716981132076,0.0,13.0,165.0
0.5,"Semantic understanding in text-based models refers to the ability of these models to comprehend and interpret the meaning behind the words and phrases in a given text. This involves more than just recognizing individual words; it requires the model to understand the context, relationships between words, and the overall meaning of the text.

### Key Components of Semantic Understanding

1. **Contextual Understanding**:
   - **Word Sense Disambiguation**: Determining the correct meaning of a word based on the context in which it is used. For example, ""bank"" can mean a financial institution or the side of a river.
   - **Sentence and Document Context**: Understanding how sentences relate to each other within a document and how they contribute to the overall meaning.

2. **Syntactic Analysis**:
   - Analyzing the grammatical structure of sentences to understand how words are related to each other. This includes identifying parts of speech, sentence structure, and dependencies between words.

3. **Semantic Roles**:
   - Identifying the roles that different elements (arguments) play in a sentence. For example, in the",Natural Language Processing,-0.5,24,"{'n_words': 169, 'fk_grade': 12.24746341463415, 'fk_ease': 36.46460975609759, 'jargon_rate': 0.18518518518518517, 'definition_count': 2}",minus,Semantic Understanding in Text-Based Models,Explain Semantic Understanding in Text-Based Models.,7.0,2.0,2.0,36.46460975609759,12.24746341463415,0.18518518518518517,0.0,12.0,169.0
1.0,"Semantic understanding in text-based models refers to the ability of these models to comprehend and interpret the meaning behind the words and phrases in a given text. This involves more than just recognizing individual words; it requires the model to understand the context, relationships between words, and the overall meaning of the text.

### Key Components of Semantic Understanding

1. **Contextual Understanding**:
   - **Word Sense Disambiguation**: Determining the correct meaning of a word based on its context. For example, ""bank"" can mean a financial institution or the edge of a river.
   - **Sentence-Level Context**: Understanding how the meaning of a sentence changes based on the surrounding sentences. This is crucial for tasks like summarization and question answering.

2. **Syntactic Analysis**:
   - Analyzing the grammatical structure of sentences to understand how different parts of speech (nouns, verbs, adjectives, etc.) interact with each other. This helps in parsing sentences and identifying their structure.

3. **Semantic Roles**:
   - Identifying the roles that different elements play within a sentence",Natural Language Processing,1.0,24,"{'n_words': 165, 'fk_grade': 11.912727272727274, 'fk_ease': 35.561363636363666, 'jargon_rate': 0.20754716981132076, 'definition_count': 2}",plus,Semantic Understanding in Text-Based Models,Explain Semantic Understanding in Text-Based Models.,7.0,2.0,1.0,35.561363636363666,11.912727272727274,0.20754716981132076,0.0,13.0,165.0
1.0,"Semantic understanding in text-based models refers to the ability of these models to comprehend and interpret the meaning behind the words and phrases in a given text. This involves more than just recognizing individual words; it requires the model to understand the context, relationships between words, and the overall meaning of the text.

### Key Components of Semantic Understanding

1. **Contextual Understanding**:
   - **Word Sense Disambiguation**: Determining the correct meaning of a word based on the context in which it is used. For example, ""bank"" can mean a financial institution or the side of a river.
   - **Sentence-Level Context**: Understanding how the meaning of a sentence changes based on the surrounding sentences. This helps in grasping the flow of ideas and arguments.

2. **Syntactic Analysis**:
   - Analyzing the grammatical structure of sentences to understand how different parts of speech (nouns, verbs, adjectives, etc.) interact with each other. This helps in parsing sentences and identifying their structure.

3. **Semantic Roles**:
   - Identifying the roles that different",Natural Language Processing,-1.0,24,"{'n_words': 165, 'fk_grade': 11.470227272727275, 'fk_ease': 38.73386363636368, 'jargon_rate': 0.20125786163522014, 'definition_count': 2}",minus,Semantic Understanding in Text-Based Models,Explain Semantic Understanding in Text-Based Models.,7.0,2.0,1.0,38.73386363636368,11.470227272727275,0.20125786163522014,0.0,13.0,165.0
2.0,"Semantic understanding in text-based models refers to the ability of these models to comprehend and interpret the meaning behind the words and phrases in a given text. This involves more than just recognizing individual words; it requires the model to understand the context, relationships between words, and the overall meaning of the text.

### Key Components of Semantic Understanding

1. **Contextual Understanding**:
   - **Word Sense Disambiguation**: Determining the correct meaning of a word based on its context. For example, ""bank"" can mean a financial institution or the edge of a river.
   - **Sentence-Level Context**: Understanding how the meaning of a sentence changes based on the surrounding sentences. This is crucial for tasks like summarization and question answering.

2. **Syntactic Analysis**:
   - Analyzing the grammatical structure of sentences to understand how different parts of speech (nouns, verbs, adjectives, etc.) interact with each other. This helps in parsing sentences and identifying their syntactic roles.

3. **Semantic Roles**:
   - Identifying the roles that different elements play within",Natural Language Processing,2.0,24,"{'n_words': 164, 'fk_grade': 11.940354488279016, 'fk_ease': 35.201372212693, 'jargon_rate': 0.2088607594936709, 'definition_count': 2}",plus,Semantic Understanding in Text-Based Models,Explain Semantic Understanding in Text-Based Models.,7.0,2.0,1.0,35.201372212693,11.940354488279016,0.2088607594936709,0.0,13.0,164.0
2.0,"Semantic understanding in text-based models refers to the ability of these models to comprehend and interpret the meaning behind the words and phrases in a given text. This involves more than just recognizing individual words; it requires the model to understand the context, relationships between words, and the overall meaning of the text.

### Key Components of Semantic Understanding

1. **Contextual Understanding**:
   - **Word Sense Disambiguation**: Determining the correct meaning of a word based on the context in which it is used. For example, ""bank"" can mean a financial institution or the side of a river.
   - **Sentence and Document Context**: Understanding how sentences relate to each other within a document or conversation. This helps in grasping the flow of ideas and the overall narrative.

2. **Syntactic Analysis**:
   - Analyzing the grammatical structure of sentences to understand their meaning. This includes identifying parts of speech, sentence structure, and dependencies between words.

3. **Semantic Roles**:
   - Identifying the roles that different elements (arguments) play in a sentence. For example",Natural Language Processing,-2.0,24,"{'n_words': 168, 'fk_grade': 12.484791411042945, 'fk_ease': 34.584978527607376, 'jargon_rate': 0.19254658385093168, 'definition_count': 2}",minus,Semantic Understanding in Text-Based Models,Explain Semantic Understanding in Text-Based Models.,7.0,2.0,2.0,34.584978527607376,12.484791411042945,0.19254658385093168,0.0,13.0,168.0
0.0,"Layer-wise Relevance Propagation (LRP) is a method used to explain the predictions of deep neural networks by attributing relevance scores to input features. It provides a way to understand how different parts of an input contribute to the final prediction made by a model. LRP is particularly useful for interpreting complex models and can be applied to various types of neural network architectures.

### Key Concepts

1. **Relevance**: In the context of LRP, relevance refers to the importance or contribution of each input feature to the output of the model. The goal is to quantify this relevance in a way that is interpretable.

2. **Propagation Rules**: LRP uses propagation rules to distribute the relevance from the output layer back to the input layer. These rules ensure that the sum of the relevance values at each layer equals the relevance value of the previous layer.

3. **Alpha-Beta Parameters**: LRP can be parameterized using alpha-beta parameters, which control how the relevance is distributed between the activation function and the weights. Different choices of these parameters can lead to different explanations, but they should satisfy",Deep Learning Interpretation,,25,"{'n_words': 182, 'fk_grade': 12.396071823204423, 'fk_ease': 38.42703591160222, 'jargon_rate': 0.2154696132596685, 'definition_count': 6}",none,Layer-wise Relevance Propagation (LRP),Explain Layer-wise Relevance Propagation (LRP).,3.0,6.0,0.0,38.42703591160222,12.396071823204423,0.2154696132596685,0.0,12.0,182.0
0.5,"Layer-wise Relevance Propagation (LRP) is a method used to explain the predictions of deep neural networks by attributing relevance scores to input features. It provides a way to understand how different parts of an input contribute to the final prediction made by a model. LRP is particularly useful for interpreting complex models and can be applied to various types of neural network architectures.

### Key Concepts

1. **Relevance**: In the context of LRP, relevance refers to the importance or contribution of each input feature to the output of the model. The goal is to quantify this relevance in a way that is interpretable.

2. **Propagation Rules**: LRP uses propagation rules to distribute the relevance from the output layer back to the input layer. These rules ensure that the relevance is conserved throughout the network, meaning the sum of the relevance values at any layer should equal the sum of the relevance values at the previous layer.

3. **Alpha-Beta Decomposition**: One common approach to implementing LRP involves the alpha-beta decomposition, which allows for flexible propagation rules. The alpha parameter controls the distribution",Deep Learning Interpretation,0.5,25,"{'n_words': 181, 'fk_grade': 12.407777777777778, 'fk_ease': 38.16500000000002, 'jargon_rate': 0.2111111111111111, 'definition_count': 6}",plus,Layer-wise Relevance Propagation (LRP),Explain Layer-wise Relevance Propagation (LRP).,3.0,6.0,0.0,38.16500000000002,12.407777777777778,0.2111111111111111,0.0,12.0,181.0
0.5,"Layer-wise Relevance Propagation (LRP) is a method used to explain the predictions of deep neural networks by attributing relevance scores to input features. It provides a way to understand how different parts of an input contribute to the final prediction made by a model. LRP is particularly useful for interpreting complex models and can be applied to various types of neural network architectures.

### Key Concepts

1. **Relevance**: In the context of LRP, relevance refers to the importance or contribution of each input feature to the output of the model. The goal is to quantify this relevance in a way that is interpretable.

2. **Propagation Rules**: LRP uses propagation rules to distribute the relevance from the output layer back through the layers of the network to the input layer. These rules ensure that the relevance is conserved at each layer, meaning the total relevance at one layer should equal the sum of the relevance values at the next layer.

3. **Alpha-Beta Decomposition**: One common approach to implementing LRP involves the alpha-beta decomposition, which allows for flexible propagation rules. The alpha parameter",Deep Learning Interpretation,-0.5,25,"{'n_words': 181, 'fk_grade': 12.014444444444447, 'fk_ease': 40.985000000000014, 'jargon_rate': 0.2, 'definition_count': 6}",minus,Layer-wise Relevance Propagation (LRP),Explain Layer-wise Relevance Propagation (LRP).,3.0,6.0,0.0,40.985000000000014,12.014444444444447,0.2,0.0,12.0,181.0
1.0,"Layer-wise Relevance Propagation (LRP) is a method used to explain the predictions of deep neural networks by attributing relevance scores to input features. It provides a way to understand how different parts of an input contribute to the final prediction made by a model. LRP is particularly useful for interpreting complex models and can be applied to various types of neural network architectures.

### Key Concepts

1. **Relevance**: In the context of LRP, relevance refers to the importance or contribution of each input feature to the output of the model. The goal is to quantify this relevance in a way that is interpretable.

2. **Propagation Rules**: LRP uses propagation rules to distribute the relevance from the output layer back to the input layer. These rules ensure that the relevance is conserved throughout the network, meaning the sum of the relevance values at any layer should equal the sum of the relevance values at the previous layer.

3. **Alpha-Beta Decomposition**: One common approach to implementing LRP involves the alpha-beta decomposition, which allows for flexible propagation rules. The alpha parameter controls the distribution",Deep Learning Interpretation,1.0,25,"{'n_words': 181, 'fk_grade': 12.407777777777778, 'fk_ease': 38.16500000000002, 'jargon_rate': 0.2111111111111111, 'definition_count': 6}",plus,Layer-wise Relevance Propagation (LRP),Explain Layer-wise Relevance Propagation (LRP).,3.0,6.0,0.0,38.16500000000002,12.407777777777778,0.2111111111111111,0.0,12.0,181.0
1.0,"Layer-wise Relevance Propagation (LRP) is a method used to explain the predictions of deep neural networks by attributing relevance scores to input features. It provides a way to understand how different parts of an input contribute to the final prediction made by a model. LRP is particularly useful for interpreting complex models and can be applied to various types of neural network architectures.

### Key Concepts

1. **Relevance**: In the context of LRP, relevance refers to the importance or contribution of each input feature to the output of the model. The goal is to quantify this relevance in a way that is interpretable.

2. **Propagation Rules**: LRP uses propagation rules to distribute the relevance from the output layer back to the input layer. These rules ensure that the relevance is conserved throughout the network, meaning the sum of the relevance values at any layer should equal the sum of the relevance values at the previous layer.

3. **Alpha-Beta Decomposition**: One common approach to implementing LRP involves the alpha-beta decomposition, which allows for more flexibility in the propagation process. This decomposition introduces",Deep Learning Interpretation,-1.0,25,"{'n_words': 181, 'fk_grade': 12.538888888888891, 'fk_ease': 37.224999999999994, 'jargon_rate': 0.21666666666666667, 'definition_count': 6}",minus,Layer-wise Relevance Propagation (LRP),Explain Layer-wise Relevance Propagation (LRP).,3.0,6.0,0.0,37.224999999999994,12.538888888888891,0.21666666666666667,0.0,12.0,181.0
2.0,"Layer-wise Relevance Propagation (LRP) is a method used to explain the predictions of deep neural networks by attributing relevance scores to input features. It provides a way to understand how different parts of an input contribute to the final prediction made by a model. LRP is particularly useful for interpreting complex models and can be applied to various types of neural network architectures.

### Key Concepts

1. **Relevance**: In the context of LRP, relevance refers to the importance or contribution of each input feature to the output of the model. The goal is to quantify this relevance in a way that is interpretable.

2. **Propagation Rules**: LRP uses propagation rules to distribute the relevance from the output layer back to the input layer. These rules ensure that the sum of the relevance values at each layer equals the relevance value of the previous layer.

3. **Alpha-Beta Parameters**: LRP can be parameterized using alpha-beta parameters, which control how the relevance is distributed between the activation function and the weights. Different choices of these parameters can lead to different explanations, but they should satisfy",Deep Learning Interpretation,2.0,25,"{'n_words': 182, 'fk_grade': 12.396071823204423, 'fk_ease': 38.42703591160222, 'jargon_rate': 0.2154696132596685, 'definition_count': 6}",plus,Layer-wise Relevance Propagation (LRP),Explain Layer-wise Relevance Propagation (LRP).,3.0,6.0,0.0,38.42703591160222,12.396071823204423,0.2154696132596685,0.0,12.0,182.0
2.0,"Layer-wise Relevance Propagation (LRP) is a method used to explain the predictions of deep neural networks by attributing relevance scores to input features. It provides a way to understand how different parts of an input contribute to the final output of a model, which is particularly useful for interpreting complex models like deep learning networks.

### Key Concepts

1. **Relevance**: In the context of LRP, relevance refers to the importance or contribution of each input feature to the final prediction. The goal is to decompose the prediction into contributions from individual inputs.

2. **Propagation Rules**: LRP uses propagation rules to distribute the relevance scores from the output layer back through the network to the input layer. These rules ensure that the sum of the relevance scores at each layer equals the relevance score of the previous layer.

3. **Alpha-Beta Parameters**: LRP can be parameterized with alpha and beta values, which control how the relevance is distributed between the activation function and its input. Different choices of these parameters can lead to different explanations, but they should satisfy certain conditions to ensure consistency.

###",Deep Learning Interpretation,-2.0,25,"{'n_words': 183, 'fk_grade': 13.44117863720074, 'fk_ease': 34.51614487415594, 'jargon_rate': 0.2222222222222222, 'definition_count': 5}",minus,Layer-wise Relevance Propagation (LRP),Explain Layer-wise Relevance Propagation (LRP).,3.0,5.0,0.0,34.51614487415594,13.44117863720074,0.2222222222222222,0.0,12.0,183.0
0.0,"Bias and fairness are critical considerations in the development and deployment of interpretability models, especially in fields such as machine learning and artificial intelligence where decisions can have significant impacts on individuals or groups. Here's an explanation of these concepts:

### Bias

**Definition:**
Bias in machine learning refers to systematic errors in the model that cause it to make incorrect predictions or decisions. These errors can arise from various sources, including the data used to train the model, the algorithm itself, or the way the model is interpreted.

**Types of Bias:**
1. **Data Bias:** This occurs when the training data does not accurately represent the real-world population. For example, if a dataset used to train a model about loan approvals only includes data from a specific demographic, the model may unfairly favor or discriminate against other demographics.
2. **Algorithmic Bias:** This can occur due to the design of the algorithm or the way it processes data. For instance, certain algorithms might be more prone to overfitting or underfitting, leading to biased predictions.
3. **Implementation Bias:** This happens during the implementation",Artificial Intelligence,,26,"{'n_words': 180, 'fk_grade': 14.31638733705773, 'fk_ease': 27.845543140906273, 'jargon_rate': 0.19662921348314608, 'definition_count': 2}",none,Bias and Fairness in Interpretability Models,Explain Bias and Fairness in Interpretability Models.,3.0,2.0,2.0,27.845543140906273,14.31638733705773,0.19662921348314608,0.0,11.0,180.0
0.5,"Bias and fairness are critical considerations in the development and deployment of interpretability models, especially in fields such as machine learning and artificial intelligence where decisions can have significant impacts on individuals or groups. Here's an explanation of these concepts:

### Bias

**Definition:**
Bias in machine learning refers to systematic errors in the model that cause it to make incorrect predictions or decisions. These errors can arise from various sources, including the data used to train the model, the algorithm itself, or the way the model is interpreted.

**Types of Bias:**
1. **Data Bias:** This occurs when the training data does not accurately represent the population or the real-world scenario. For example, if a dataset used to train a model about loan approvals only includes data from a specific demographic, the model may develop biases against other demographics.
2. **Algorithmic Bias:** This can occur due to the design of the algorithm or the way it processes data. For instance, certain algorithms might be more prone to overfitting or underfitting, leading to biased predictions.
3. **Implementation Bias:** This happens during the",Artificial Intelligence,0.5,26,"{'n_words': 180, 'fk_grade': 14.11862197392924, 'fk_ease': 29.26342023587833, 'jargon_rate': 0.1853932584269663, 'definition_count': 2}",plus,Bias and Fairness in Interpretability Models,Explain Bias and Fairness in Interpretability Models.,3.0,2.0,2.0,29.26342023587833,14.11862197392924,0.1853932584269663,0.0,11.0,180.0
0.5,"Bias and fairness are critical considerations in the development and deployment of interpretability models, especially in fields such as machine learning and artificial intelligence where decisions can have significant impacts on individuals or groups. Here's an explanation of these concepts:

### Bias

**Definition:**
Bias in machine learning refers to systematic errors in the model that cause it to make incorrect predictions or decisions. These errors can be due to various factors, including the data used to train the model, the algorithm itself, or the way the model is interpreted.

**Types of Bias:**
1. **Data Bias:** This occurs when the training data does not accurately represent the real-world scenario. For example, if a dataset used to train a model for loan approval contains more examples of certain demographic groups than others, the model may learn to favor those groups.
2. **Algorithmic Bias:** This can arise from the design of the algorithm itself. For instance, if an algorithm is designed to optimize for a specific metric (like accuracy) without considering other important factors, it might inadvertently introduce bias.
3. **Implementation Bias:** This happens during",Artificial Intelligence,-0.5,26,"{'n_words': 182, 'fk_grade': 14.02791896869245, 'fk_ease': 30.309515039901783, 'jargon_rate': 0.16666666666666666, 'definition_count': 3}",minus,Bias and Fairness in Interpretability Models,Explain Bias and Fairness in Interpretability Models.,3.0,3.0,2.0,30.309515039901783,14.02791896869245,0.16666666666666666,0.0,11.0,182.0
1.0,"Bias and fairness are critical considerations in the development and deployment of interpretability models, especially in fields such as machine learning and artificial intelligence where decisions can have significant impacts on individuals or groups. Here's an explanation of these concepts:

### Bias

**Definition:**
Bias in machine learning refers to systematic errors in the model that cause it to make incorrect predictions or decisions. These errors can arise from various sources, including the data used to train the model, the algorithm itself, or the way the model is interpreted.

**Types of Bias:**
1. **Data Bias:** This occurs when the training data does not accurately represent the population or the real-world scenario. For example, if a dataset used to train a model on loan approvals only includes data from a specific demographic, the model may develop biases against other demographics.
2. **Algorithmic Bias:** This can occur due to the design of the algorithm or the way it processes data. For instance, certain algorithms might be more prone to overfitting or underfitting, leading to biased predictions.
3. **Implementation Bias:** This happens during the",Artificial Intelligence,1.0,26,"{'n_words': 180, 'fk_grade': 14.052700186219742, 'fk_ease': 29.736045934202366, 'jargon_rate': 0.1853932584269663, 'definition_count': 2}",plus,Bias and Fairness in Interpretability Models,Explain Bias and Fairness in Interpretability Models.,3.0,2.0,2.0,29.736045934202366,14.052700186219742,0.1853932584269663,0.0,11.0,180.0
1.0,"Bias and fairness are critical considerations in the development and deployment of interpretability models, especially in fields where decisions can have significant impacts on individuals or groups. Here's an explanation of these concepts:

### Bias

**Definition:**
Bias in machine learning models refers to systematic errors that cause the model to make unfair or inaccurate predictions. These biases can arise from various sources, including biased training data, algorithmic design, or societal prejudices.

**Types of Bias:**
1. **Data Bias:** This occurs when the training data is not representative of the population it is supposed to generalize to. For example, if a dataset used to train a model on loan approvals only includes data from a certain demographic group, the model may unfairly favor or discriminate against other groups.
2. **Algorithmic Bias:** This can occur due to the design of the algorithm itself. For instance, if a model is designed to optimize for a specific metric (like accuracy) without considering fairness constraints, it might inadvertently learn to make unfair decisions.
3. **Implementation Bias:** This can happen during the implementation phase, such as through incorrect",Artificial Intelligence,-1.0,26,"{'n_words': 181, 'fk_grade': 14.498888888888892, 'fk_ease': 26.735000000000042, 'jargon_rate': 0.17415730337078653, 'definition_count': 4}",minus,Bias and Fairness in Interpretability Models,Explain Bias and Fairness in Interpretability Models.,3.0,4.0,2.0,26.735000000000042,14.498888888888892,0.17415730337078653,0.0,11.0,181.0
2.0,"Bias and fairness are critical considerations in the development and deployment of interpretability models, especially in fields such as machine learning and artificial intelligence where decisions can have significant impacts on individuals or groups. Here's an explanation of these concepts:

### Bias

**Definition:**
Bias in machine learning refers to systematic errors in the model that cause it to make incorrect predictions or decisions. This can arise from various sources, including the data used to train the model, the algorithm itself, or the way the model is interpreted.

**Types of Bias:**
1. **Data Bias:** This occurs when the training data is not representative of the population or contains inherent biases. For example, if a dataset used to train a model on loan approvals only includes data from a certain demographic, the model may unfairly favor or discriminate against other demographics.
2. **Algorithmic Bias:** This can occur due to the design of the algorithm or the way it processes data. For instance, a model might be biased towards certain features or outcomes based on its architecture.
3. **Implementation Bias:** This can arise from how the model is implemented",Artificial Intelligence,2.0,26,"{'n_words': 186, 'fk_grade': 13.858018018018019, 'fk_ease': 32.319219219219235, 'jargon_rate': 0.16939890710382513, 'definition_count': 4}",plus,Bias and Fairness in Interpretability Models,Explain Bias and Fairness in Interpretability Models.,3.0,4.0,2.0,32.319219219219235,13.858018018018019,0.16939890710382513,0.0,11.0,186.0
2.0,"Bias and fairness are critical concepts in the context of interpretability models, especially when these models are used to make decisions that affect people's lives, such as in hiring, lending, or criminal justice systems. Here’s an explanation of bias and fairness in the context of interpretability models:

### Bias

**Definition:**
Bias in machine learning models refers to systematic errors or distortions in the model's predictions that favor one group over another. This can occur due to various reasons, including biased training data, algorithmic design, or societal prejudices.

**Types of Bias:**
1. **Data Bias:** This occurs when the training data is not representative of the population it is supposed to generalize to. For example, if a dataset used to train a model on loan approvals only includes data from a certain demographic, the model may unfairly discriminate against other demographics.
2. **Algorithmic Bias:** This can arise from the way algorithms are designed or implemented. For instance, a model might be biased if it uses features that inherently favor one group over another.
3. **Implementation Bias:** This can happen during",Artificial Intelligence,-2.0,26,"{'n_words': 178, 'fk_grade': 13.680000000000003, 'fk_ease': 32.01231638418079, 'jargon_rate': 0.13559322033898305, 'definition_count': 3}",minus,Bias and Fairness in Interpretability Models,Explain Bias and Fairness in Interpretability Models.,3.0,3.0,2.0,32.01231638418079,13.680000000000003,0.13559322033898305,0.0,11.0,178.0
0.0,"Just-in-Time (JIT) Explanation Generation is an approach used in artificial intelligence and machine learning to provide explanations for model predictions or decisions at the moment they are needed. This method aims to enhance the transparency and interpretability of AI systems, making them more understandable and trustworthy to users.

### Key Characteristics of JIT Explanation Generation:

1. **On-Demand Explanations**: Explanations are generated when requested by the user or system, rather than being pre-computed and stored. This can be particularly useful in real-time applications where immediate feedback is required.

2. **Contextual Relevance**: The explanations provided are tailored to the specific context of the prediction or decision. This means that the explanation will be relevant to the particular instance being analyzed, rather than a generic explanation that might not capture all nuances.

3. **Efficiency**: Since explanations are generated on-the-fly, there's no need to store large amounts of pre-generated explanations, which can save computational resources and storage space.

4. **Flexibility**: JIT explanation generation can be adapted to different types of models and use cases, providing",Artificial Intelligence,,27,"{'n_words': 171, 'fk_grade': 15.654313725490198, 'fk_ease': 16.472189542483704, 'jargon_rate': 0.25142857142857145, 'definition_count': 3}",none,Just-in-Time Explanation Generation,Explain Just-in-Time Explanation Generation.,4.0,3.0,0.0,16.472189542483704,15.654313725490198,0.25142857142857145,0.0,12.0,171.0
0.5,"Just-in-Time (JIT) Explanation Generation is an approach used in artificial intelligence and machine learning to provide explanations for model predictions or decisions at the moment they are needed. This method aims to enhance the transparency and interpretability of AI systems, making them more understandable and trustworthy to users.

### Key Characteristics of JIT Explanation Generation:

1. **On-Demand**: Explanations are generated when requested, rather than being pre-computed and stored. This can be particularly useful in real-time applications where immediate feedback is required.

2. **Contextual**: The explanation is tailored to the specific input or situation that prompted the need for an explanation. This ensures that the explanation is relevant and meaningful to the user.

3. **Efficient**: By generating explanations only when necessary, this approach can save computational resources compared to always-on explanation systems.

4. **Adaptive**: The system can adapt its explanation style or level of detail based on the user's needs or the complexity of the task.

### Applications of JIT Explanation Generation:

- **Healthcare**: In medical diagnosis systems, JIT explanations can help doctors understand",Artificial Intelligence,0.5,27,"{'n_words': 173, 'fk_grade': 14.778823529411763, 'fk_ease': 19.38470588235296, 'jargon_rate': 0.27167630057803466, 'definition_count': 4}",plus,Just-in-Time Explanation Generation,Explain Just-in-Time Explanation Generation.,5.0,4.0,0.0,19.38470588235296,14.778823529411763,0.27167630057803466,0.0,13.0,173.0
0.5,"Just-in-Time (JIT) Explanation Generation is an approach used in artificial intelligence and machine learning to provide explanations for model predictions or decisions at the moment they are needed. This method aims to enhance the transparency and interpretability of AI systems, making them more understandable and trustworthy to users.

### Key Characteristics of JIT Explanation Generation:

1. **On-Demand**: Explanations are generated when requested, rather than being pre-computed and stored. This can be particularly useful in real-time applications where immediate feedback is necessary.

2. **Contextual**: The explanation is tailored to the specific input or situation that prompted the need for an explanation. This ensures that the explanation is relevant and meaningful to the user.

3. **Efficient**: By generating explanations only when needed, resources are conserved compared to always-on explanation systems.

4. **Adaptive**: The system can adapt its explanation style or level of detail based on the user's needs or the complexity of the task.

### How JIT Explanation Generation Works:

1. **Trigger Mechanism**: A trigger mechanism identifies when an explanation is required. This",Artificial Intelligence,-0.5,27,"{'n_words': 171, 'fk_grade': 13.86217321140398, 'fk_ease': 23.042092522861765, 'jargon_rate': 0.2631578947368421, 'definition_count': 5}",minus,Just-in-Time Explanation Generation,Explain Just-in-Time Explanation Generation.,5.0,5.0,0.0,23.042092522861765,13.86217321140398,0.2631578947368421,0.0,15.0,171.0
1.0,"Just-in-Time (JIT) Explanation Generation is an approach used in artificial intelligence and machine learning to provide explanations for model predictions or decisions at the moment they are needed. This method aims to enhance the transparency and interpretability of AI systems, making them more understandable and trustworthy to users.

### Key Characteristics of JIT Explanation Generation:

1. **On-Demand**: Explanations are generated when requested, rather than being pre-computed and stored. This can be particularly useful in real-time applications where immediate feedback is required.

2. **Contextual**: The explanation is tailored to the specific context of the input data or decision. This means that the explanation provided is relevant to the particular instance being analyzed, rather than being a general explanation of how the model works.

3. **Efficient**: Since explanations are generated on-the-fly, the system can avoid the overhead of generating explanations for all possible inputs in advance. This can lead to more efficient use of computational resources.

4. **Interactive**: In some cases, users might request additional details or different perspectives on the same prediction. JIT generation allows for this",Artificial Intelligence,1.0,27,"{'n_words': 176, 'fk_grade': 14.147116883116883, 'fk_ease': 21.97070129870133, 'jargon_rate': 0.24157303370786518, 'definition_count': 5}",plus,Just-in-Time Explanation Generation,Explain Just-in-Time Explanation Generation.,4.0,5.0,0.0,21.97070129870133,14.147116883116883,0.24157303370786518,0.0,14.0,176.0
1.0,"Just-in-Time (JIT) Explanation Generation is an approach used in artificial intelligence and machine learning to provide explanations for model predictions or decisions at the moment they are needed. This method aims to enhance the transparency and interpretability of AI systems, making them more understandable and trustworthy to users.

### Key Characteristics of JIT Explanation Generation:

1. **On-Demand Explanations**: Unlike pre-generated explanations that are available before the user needs them, JIT explanations are generated when the user requests them. This ensures that the explanation is relevant and timely.

2. **Contextual Relevance**: The explanations provided are tailored to the specific context of the prediction or decision. This means that the explanation will be more accurate and useful because it takes into account the particular circumstances under which the model made its decision.

3. **Efficiency**: Since explanations are generated only when requested, this approach can be more efficient in terms of computational resources compared to generating explanations for every single prediction.

4. **User-Centric**: JIT explanations are designed to be understandable to the end-user, often using simpler language and visual aids to make",Artificial Intelligence,-1.0,27,"{'n_words': 179, 'fk_grade': 15.590749063670415, 'fk_ease': 18.51111735330838, 'jargon_rate': 0.25, 'definition_count': 3}",minus,Just-in-Time Explanation Generation,Explain Just-in-Time Explanation Generation.,4.0,3.0,0.0,18.51111735330838,15.590749063670415,0.25,0.0,12.0,179.0
2.0,"Just-in-Time (JIT) Explanation Generation is a technique used in artificial intelligence and machine learning to provide explanations for model predictions or decisions at the moment they are needed. This approach contrasts with pre-generated or post-hoc explanations, where explanations are either provided before the model makes a decision or after the fact.

### Key Characteristics of JIT Explanation Generation:

1. **Timeliness**: Explanations are generated just as the user needs them, which can be crucial in real-time applications like financial trading, medical diagnosis, or autonomous driving.

2. **Contextual Relevance**: The explanation is tailored to the specific context of the prediction or decision. This means that the explanation will be relevant to the particular input data and the decision being made.

3. **User-Centric**: JIT explanations are designed to be understandable and useful to the end-user, whether they are experts or non-experts. The complexity and depth of the explanation can be adjusted based on the user's level of expertise.

4. **Dynamic Adaptation**: The system can adapt its explanation style and content dynamically based on user feedback or interaction",Artificial Intelligence,2.0,27,"{'n_words': 174, 'fk_grade': 14.68816955684008, 'fk_ease': 23.992652536930024, 'jargon_rate': 0.2247191011235955, 'definition_count': 3}",plus,Just-in-Time Explanation Generation,Explain Just-in-Time Explanation Generation.,4.0,3.0,0.0,23.992652536930024,14.68816955684008,0.2247191011235955,0.0,12.0,174.0
2.0,"Just-in-Time (JIT) Explanation Generation is a technique used in artificial intelligence and machine learning to provide explanations for model predictions or decisions at the moment they are needed. This approach contrasts with pre-generated or post-hoc explanations, where explanations are either provided before the model makes a decision or after the fact.

### Key Characteristics of JIT Explanation Generation:

1. **Real-time**: Explanations are generated on-the-fly as the model makes predictions, providing immediate context and reasoning behind the decision.
2. **Contextual**: The explanation is tailored to the specific input or situation that led to the prediction, making it more relevant and useful.
3. **Interactive**: Users can request explanations at any point during the interaction with the AI system, allowing for a more dynamic and flexible user experience.
4. **Efficient**: By generating explanations only when necessary, resources are conserved compared to always generating explanations.

### Applications:

- **Healthcare**: In medical diagnosis systems, JIT explanations can help doctors understand why a particular diagnosis was made, potentially leading to better patient care.
- **Finance**: In fraud",Artificial Intelligence,-2.0,27,"{'n_words': 171, 'fk_grade': 15.882594810379242, 'fk_ease': 14.241829673985393, 'jargon_rate': 0.28823529411764703, 'definition_count': 2}",minus,Just-in-Time Explanation Generation,Explain Just-in-Time Explanation Generation.,6.0,2.0,0.0,14.241829673985393,15.882594810379242,0.28823529411764703,0.0,12.0,171.0
0.0,"Saliency maps are a popular technique used in model interpretation, particularly for understanding the importance of different input features or regions in an image with respect to a model's prediction. They provide a way to visualize which parts of an input are most influential in the decision-making process of a machine learning model.

### Key Concepts

1. **Model Interpretability**: This refers to the ability to understand and explain the behavior of a machine learning model. Saliency maps are one method to achieve this, especially for models like convolutional neural networks (CNNs) that are commonly used in image classification tasks.

2. **Gradient-based Methods**: Many saliency map techniques rely on gradient-based methods. These methods compute the gradient of the model's output with respect to the input features. The gradient indicates how much a small change in the input would affect the model's output.

3. **Backpropagation**: In the context of deep learning, backpropagation is used to compute gradients during the training phase. However, it can also be used to generate saliency maps by computing the gradient of the",Computer Vision,,28,"{'n_words': 175, 'fk_grade': 12.08335632183908, 'fk_ease': 39.42227586206897, 'jargon_rate': 0.11299435028248588, 'definition_count': 2}",none,Saliency Maps in Model Interpretation,Explain Saliency Maps in Model Interpretation.,3.0,2.0,0.0,39.42227586206897,12.08335632183908,0.11299435028248588,0.0,12.0,175.0
0.5,"Saliency maps are a popular technique used in model interpretation, particularly for understanding the importance of different input features or regions in an image with respect to a model's prediction. They provide a way to visualize which parts of an input are most influential in determining the output of a machine learning model.

### Key Concepts

1. **Model Interpretability**: This refers to the ability to understand and explain the behavior of a machine learning model. Saliency maps are one method to achieve this, especially for models like convolutional neural networks (CNNs) that process images.

2. **Gradient-based Methods**: Many saliency map techniques rely on gradient-based methods. The idea is to compute the gradient of the model's output with respect to the input features. For images, this means calculating how much each pixel contributes to the final prediction.

3. **Backpropagation**: In the context of deep learning, backpropagation is used to compute gradients efficiently. By applying backpropagation, we can determine the sensitivity of the model's output to changes in the input.

4. **Heatmaps**:",Computer Vision,0.5,28,"{'n_words': 170, 'fk_grade': 12.576147928994086, 'fk_ease': 34.99865976331361, 'jargon_rate': 0.14705882352941177, 'definition_count': 4}",plus,Saliency Maps in Model Interpretation,Explain Saliency Maps in Model Interpretation.,4.0,4.0,0.0,34.99865976331361,12.576147928994086,0.14705882352941177,0.0,14.0,170.0
0.5,"Saliency maps are a popular technique used in model interpretation, particularly for understanding the importance of different input features or regions in an image with respect to a model's prediction. They provide a way to visualize which parts of an input are most influential in determining the output of a machine learning model.

### Key Concepts

1. **Model Interpretability**: This refers to the ability to understand and explain the behavior of a machine learning model. Saliency maps are one method to achieve this, especially for models like convolutional neural networks (CNNs) that process images.

2. **Gradient-based Methods**: Many saliency map techniques rely on gradient-based methods. The idea is to compute the gradient of the model's output with respect to the input features. For images, this means calculating how much each pixel contributes to the final prediction.

3. **Backpropagation**: In the context of deep learning, backpropagation is used to compute gradients efficiently. By applying backpropagation, we can determine the sensitivity of the model's output to changes in the input.

4. **Heatmaps**:",Computer Vision,-0.5,28,"{'n_words': 170, 'fk_grade': 12.576147928994086, 'fk_ease': 34.99865976331361, 'jargon_rate': 0.14705882352941177, 'definition_count': 4}",minus,Saliency Maps in Model Interpretation,Explain Saliency Maps in Model Interpretation.,4.0,4.0,0.0,34.99865976331361,12.576147928994086,0.14705882352941177,0.0,14.0,170.0
1.0,"Saliency maps are a popular technique used in model interpretation, particularly for understanding the importance of different input features or regions in an image with respect to a model's prediction. They provide a way to visualize which parts of an input are most influential in the decision-making process of a machine learning model.

### Key Concepts

1. **Model Interpretability**: This refers to the ability to understand and explain the behavior of a machine learning model. Saliency maps are one method to achieve this, especially for models like convolutional neural networks (CNNs) that are commonly used in image classification tasks.

2. **Gradient-based Methods**: Many saliency map techniques rely on gradient-based methods. The idea is to compute the gradient of the model's output with respect to the input features. For images, this means calculating how much each pixel contributes to the final prediction.

3. **Backpropagation**: In the context of deep learning, backpropagation is used to compute these gradients efficiently. By propagating the error backward through the network, we can determine the contribution of each input feature to the",Computer Vision,1.0,28,"{'n_words': 176, 'fk_grade': 12.609857142857145, 'fk_ease': 35.825642857142896, 'jargon_rate': 0.14124293785310735, 'definition_count': 4}",plus,Saliency Maps in Model Interpretation,Explain Saliency Maps in Model Interpretation.,3.0,4.0,0.0,35.825642857142896,12.609857142857145,0.14124293785310735,0.0,12.0,176.0
1.0,"Saliency maps are a popular technique used in model interpretation, particularly for understanding the importance of different input features or regions in an image with respect to a model's prediction. They provide a way to visualize which parts of an input are most influential in determining the output of a machine learning model.

### Key Concepts

1. **Model Interpretability**: This refers to the ability to understand and explain the behavior of a machine learning model. Saliency maps are one method to achieve this, especially for models like convolutional neural networks (CNNs) that process images.

2. **Gradient-based Methods**: Many saliency map techniques rely on gradient-based methods. These methods compute the gradient of the model's output with respect to the input features. The gradient indicates how much a small change in the input would affect the output.

3. **Backpropagation**: In the context of deep learning, backpropagation is used to calculate gradients during the training phase. However, it can also be used to generate saliency maps by calculating the gradient of the loss function with respect to the input.

",Computer Vision,-1.0,28,"{'n_words': 176, 'fk_grade': 12.003, 'fk_ease': 40.17650000000003, 'jargon_rate': 0.11931818181818182, 'definition_count': 2}",minus,Saliency Maps in Model Interpretation,Explain Saliency Maps in Model Interpretation.,3.0,2.0,0.0,40.17650000000003,12.003,0.11931818181818182,0.0,12.0,176.0
2.0,"Saliency maps are a popular technique used in model interpretation, particularly for understanding the importance of different input features or regions in an image with respect to a model's prediction. They provide a way to visualize which parts of an input are most influential in the decision-making process of a machine learning model.

### Key Concepts

1. **Model Interpretability**: This refers to the ability to understand and explain the decisions made by a machine learning model. Saliency maps are one method to achieve this, especially for models like convolutional neural networks (CNNs) that are commonly used in image classification tasks.

2. **Saliency Map**: A saliency map is a heatmap that highlights the regions of an input image that are most important for the model's prediction. Each pixel in the saliency map is assigned a value indicating the degree to which it influenced the model's output.

3. **Gradient-based Methods**: One common approach to generate saliency maps involves computing the gradient of the model's output with respect to the input features. For example, in a CNN, the gradient",Computer Vision,2.0,28,"{'n_words': 176, 'fk_grade': 12.424190476190478, 'fk_ease': 40.62003174603174, 'jargon_rate': 0.12359550561797752, 'definition_count': 3}",plus,Saliency Maps in Model Interpretation,Explain Saliency Maps in Model Interpretation.,3.0,3.0,1.0,40.62003174603174,12.424190476190478,0.12359550561797752,0.0,11.0,176.0
2.0,"Saliency maps are a popular technique used in model interpretation, particularly for understanding the importance of different input features or regions in an image with respect to a model's prediction. They provide a way to visualize which parts of an input are most influential in determining the output of a machine learning model.

### Key Concepts

1. **Model Interpretability**: This refers to the ability to understand and explain the behavior of a machine learning model. Saliency maps are one method to achieve this, especially for models like convolutional neural networks (CNNs) that process images.

2. **Gradient-based Methods**: Many saliency map techniques rely on gradient-based methods. These methods compute the gradient of the model's output with respect to the input features. The gradient indicates how much a small change in the input would affect the output.

3. **Backpropagation**: In the context of deep learning, backpropagation is used to compute these gradients efficiently. By propagating the error backwards through the network, we can determine the contribution of each input feature to the final prediction.

### How Saliency",Computer Vision,-2.0,28,"{'n_words': 175, 'fk_grade': 12.233300578034683, 'fk_ease': 38.16914161849715, 'jargon_rate': 0.14367816091954022, 'definition_count': 2}",minus,Saliency Maps in Model Interpretation,Explain Saliency Maps in Model Interpretation.,3.0,2.0,0.0,38.16914161849715,12.233300578034683,0.14367816091954022,0.0,13.0,175.0
0.0,"Interpretable feature extraction techniques are methods used in machine learning and data science to transform raw data into a set of features that can be used for model training while providing insights into how these features were derived. The goal is not only to improve the performance of predictive models but also to make the process transparent and understandable to humans. This is particularly important in fields where decision-making based on model predictions has significant consequences, such as healthcare, finance, and legal applications.

### Key Characteristics of Interpretable Feature Extraction Techniques

1. **Transparency**: The transformation process should be clear and understandable.
2. **Relevance**: The extracted features should be meaningful and directly related to the problem at hand.
3. **Simplicity**: The method should be straightforward and easy to implement.
4. **Efficiency**: The technique should be computationally efficient and scalable.

### Common Interpretable Feature Extraction Techniques

#### 1. Principal Component Analysis (PCA)
- **Description**: PCA is a statistical procedure that uses an orthogonal transformation to convert a set of observations of possibly correlated variables into a set of values",Signal Processing,,29,"{'n_words': 177, 'fk_grade': 13.870294797687862, 'fk_ease': 26.43272543352606, 'jargon_rate': 0.28402366863905326, 'definition_count': 3}",none,Interpretable Feature Extraction Techniques,Explain Interpretable Feature Extraction Techniques.,5.0,3.0,0.0,26.43272543352606,13.870294797687862,0.28402366863905326,0.0,13.0,177.0
0.5,"Interpretable feature extraction techniques are methods used in machine learning and data science to transform raw data into a set of features that can be used for model training while providing insights into the importance and relevance of each feature. The goal is not only to improve the performance of predictive models but also to make the process of feature selection and transformation understandable and explainable.

### Key Concepts

1. **Feature Importance**: This refers to the ability to rank or quantify the importance of each feature in predicting the target variable. High importance indicates that the feature has a significant impact on the prediction.

2. **Interpretability**: This is the degree to which a human can understand the cause-and-effect relationships between features and predictions. Highly interpretable models allow users to gain insights into how the model makes decisions.

3. **Feature Selection**: The process of selecting a subset of relevant features for use in model construction. This can help reduce overfitting, improve model performance, and provide better understanding of the underlying data.

4. **Feature Engineering**: The process of using domain knowledge to create new features from existing data.",Signal Processing,0.5,29,"{'n_words': 186, 'fk_grade': 12.99256756756757, 'fk_ease': 34.86290540540543, 'jargon_rate': 0.1912568306010929, 'definition_count': 3}",plus,Interpretable Feature Extraction Techniques,Explain Interpretable Feature Extraction Techniques.,4.0,3.0,0.0,34.86290540540543,12.99256756756757,0.1912568306010929,0.0,13.0,186.0
0.5,"Interpretable feature extraction techniques are methods used in machine learning and data science to transform raw data into a set of features that can be used for model training while providing insights into how these features were derived. The goal is not only to improve the performance of predictive models but also to make the process transparent and understandable to humans. This is particularly important in fields where decision-making based on model predictions has significant consequences, such as healthcare, finance, and legal applications.

### Key Characteristics of Interpretable Feature Extraction Techniques

1. **Transparency**: The process should be clear and understandable, allowing users to trace how input data is transformed into features.
2. **Relevance**: The extracted features should be meaningful and directly related to the problem at hand.
3. **Simplicity**: The method should be straightforward and easy to implement, without requiring complex mathematical or computational resources.
4. **Generalizability**: The technique should work well across different datasets and scenarios.

### Common Interpretable Feature Extraction Techniques

#### 1. Principal Component Analysis (PCA)
- **Description**: PCA is a statistical",Signal Processing,-0.5,29,"{'n_words': 175, 'fk_grade': 13.78192397660819, 'fk_ease': 26.71007894736843, 'jargon_rate': 0.2754491017964072, 'definition_count': 4}",minus,Interpretable Feature Extraction Techniques,Explain Interpretable Feature Extraction Techniques.,5.0,4.0,0.0,26.71007894736843,13.78192397660819,0.2754491017964072,0.0,13.0,175.0
1.0,"Interpretable feature extraction techniques are methods used in machine learning and data science to transform raw data into a set of features that can be used for model training while providing insights into the importance and relevance of each feature. The goal is not only to improve the performance of predictive models but also to make the process of feature selection and transformation understandable and explainable.

### Key Characteristics of Interpretable Feature Extraction Techniques

1. **Transparency**: The transformations applied to the data should be clear and understandable.
2. **Relevance**: The extracted features should have a clear relationship with the target variable.
3. **Interpretability**: The impact of each feature on the model's predictions should be easily interpretable.

### Common Interpretable Feature Extraction Techniques

#### 1. Principal Component Analysis (PCA)
- **Description**: PCA is a statistical procedure that uses an orthogonal transformation to convert a set of observations of possibly correlated variables into a set of values of linearly uncorrelated variables called principal components.
- **Interpretation**: Each principal component is a linear combination of the original features, and",Signal Processing,1.0,29,"{'n_words': 176, 'fk_grade': 15.212982456140352, 'fk_ease': 19.834210526315815, 'jargon_rate': 0.2916666666666667, 'definition_count': 3}",plus,Interpretable Feature Extraction Techniques,Explain Interpretable Feature Extraction Techniques.,5.0,3.0,0.0,19.834210526315815,15.212982456140352,0.2916666666666667,0.0,11.0,176.0
1.0,"Interpretable feature extraction techniques are methods used in machine learning and data science to transform raw data into a set of features that can be used for model training while providing insights into how these features were derived. The goal is not only to improve the performance of predictive models but also to make the process transparent and understandable to humans. This is particularly important in fields where decision-making based on model predictions has significant consequences, such as healthcare, finance, and legal applications.

### Key Characteristics of Interpretable Feature Extraction Techniques

1. **Transparency**: The process should be clear and understandable, allowing users to trace how input data is transformed into features.
2. **Relevance**: The extracted features should be meaningful and directly related to the problem at hand.
3. **Simplicity**: The method should be straightforward and easy to implement, ideally with minimal computational overhead.
4. **Generalizability**: The technique should work well across different datasets and scenarios.

### Common Interpretable Feature Extraction Techniques

#### 1. Principal Component Analysis (PCA)
- **Description**: PCA is a statistical procedure that",Signal Processing,-1.0,29,"{'n_words': 175, 'fk_grade': 13.574906432748541, 'fk_ease': 28.194289473684222, 'jargon_rate': 0.2634730538922156, 'definition_count': 4}",minus,Interpretable Feature Extraction Techniques,Explain Interpretable Feature Extraction Techniques.,5.0,4.0,0.0,28.194289473684222,13.574906432748541,0.2634730538922156,0.0,13.0,175.0
2.0,"Interpretable feature extraction techniques are methods used in machine learning and data science to transform raw data into a set of features that can be used for model training while providing insights into how these features are derived from the original data. The goal is not only to improve the performance of predictive models but also to make the process transparent and understandable to humans.

### Key Characteristics of Interpretable Feature Extraction Techniques

1. **Transparency**: The transformation process should be clear and understandable, allowing users to trace back how each feature was constructed from the original data.
2. **Relevance**: The extracted features should be relevant to the problem at hand, meaning they should capture meaningful patterns or aspects of the data that are useful for prediction.
3. **Simplicity**: The resulting features should be simple enough to be easily understood and explained, without being overly complex or abstract.

### Common Interpretable Feature Extraction Techniques

#### 1. Principal Component Analysis (PCA)
- **Description**: PCA is a statistical procedure that uses an orthogonal transformation to convert a set of observations of possibly correlated variables into a set of",Signal Processing,2.0,29,"{'n_words': 185, 'fk_grade': 14.943142265193373, 'fk_ease': 28.22532113259672, 'jargon_rate': 0.22598870056497175, 'definition_count': 2}",plus,Interpretable Feature Extraction Techniques,Explain Interpretable Feature Extraction Techniques.,4.0,2.0,0.0,28.22532113259672,14.943142265193373,0.22598870056497175,0.0,10.0,185.0
2.0,"Interpretable feature extraction techniques are methods used in machine learning and data science to transform raw data into a set of features that can be used for model training while providing insights into how these features were derived. The goal is not only to improve the performance of predictive models but also to make the process transparent and understandable to humans. This is particularly important in fields where decision-making based on model predictions has significant consequences, such as healthcare, finance, and legal applications.

### Key Characteristics of Interpretable Feature Extraction Techniques

1. **Transparency**: The process should be clear and understandable, allowing users to trace how input data is transformed into features.
2. **Relevance**: The extracted features should be meaningful and directly related to the problem at hand.
3. **Simplicity**: The method should be straightforward and easy to implement, ideally with minimal computational overhead.
4. **Generalizability**: The technique should work well across different datasets and scenarios.

### Common Interpretable Feature Extraction Techniques

#### 1. Principal Component Analysis (PCA)
- **Description**: PCA is a statistical procedure that",Signal Processing,-2.0,29,"{'n_words': 175, 'fk_grade': 13.574906432748541, 'fk_ease': 28.194289473684222, 'jargon_rate': 0.2634730538922156, 'definition_count': 4}",minus,Interpretable Feature Extraction Techniques,Explain Interpretable Feature Extraction Techniques.,5.0,4.0,0.0,28.194289473684222,13.574906432748541,0.2634730538922156,0.0,13.0,175.0
